アビリティ名,効果詳細
はじめての水着,"[アクロバットアロー(※)を発動後]
味方生存者全体に「ターン終了時ODゲージ上昇(特大)」(効果1ターン)を付与する

[バカンスフラワーアロー(※)を発動後]
味方生存者全体のHPを回復する(効果極小)

[単体攻撃(※)を発動後]
「ユニゾンダンシングアロー＋」が2回発動する
(技Rank1で発動)

[全体攻撃(※)を発動後]
「陽光矢雨」が発動する
(技Rank1で発動)

※「アビリティ効果により発動する技・術」「特殊状態の効果により発動する技・術」「技・術の効果により発動する技・術」「溜め技・術」「溜め状態を付与する技・術」「カウンター効果による反撃技・術」は含まない"
共鳴領域(突・陽),"[ターン開始時]
味方生存者全体に「デュアルエンハンス(突・陽)」(効果超極大)を付与する(上限回数：バトル中3回)
味方生存者全体に「エレメントアタックⅥ(突・陽)(2回)」(効果1ターン)を付与する
味方生存者全体に「防御強化」(効果極大/効果2ターン)を付与する
自身に「行動順補正上昇」(効果極大/効果2ターン)を付与する"
攻援の戦技Ⅵ＆練気Ⅳ・Ⅲ,"[バトル開始時]
味方生存者全体に「ヒートアップ」(効果極大)を付与する
自身に「ディフェンスアップ」(効果超極大)を付与する
自身のBPを回復する(+4)

[攻撃命中時]
自身のBPを回復する(+3)"
水中のアニマを感じて,"[バトル開始時]
味方生存者全体に「ディフェンスアップ」(効果超極大)を付与する

[ラウンド開始時]
味方生存者全体に「デュアルエンハンス(打・突)」(効果超極大+)を付与する
味方生存者全体に「打・突属性攻撃強化」(効果超極大+/効果5ターン)を付与する
味方生存者全体の腕力・器用さ・素早さ・知力を上昇させる(効果超極大+)
敵全体に「打・突属性防御弱化」(効果超極大+/効果5ターン)を付与する
敵全体に「ディフェンスダウン」(効果超極大+)を付与する
敵全体の体力・精神・愛・魅力を低下させる(効果超極大+)

[ターン開始時]
味方生存者全体に「打・突属性攻撃強化」(効果超極大+/効果4ターン)を付与する
味方生存者全体に「モラルアップ(超極大+)」(効果1ターン)を付与する
味方生存者全体の腕力・体力・器用さ・素早さ・知力・精神・愛・魅力を上昇させる(効果極大)
敵全体に「打・突属性防御弱化」(効果超極大+/効果1ターン)を付与する
敵全体の体力・精神・愛・魅力を低下させる(効果極大)"
エレメントフィールド(打・突),"[ターン開始時]
味方生存者全体に「デュアルエンハンス(打・突)」(効果極大)を付与する(上限回数：バトル中5回)
味方生存者全体の腕力・体力・器用さ・素早さ・知力・精神・愛・魅力を上昇させる(効果大)"
攻援の戦技Ⅵ＆決意Ⅲ・Ⅴ,"[バトル開始時]
味方生存者全体に「ヒートアップ」(効果極大)を付与する
自身に「ディフェンスアップ」(効果超極大)を付与する
自身のBPを回復する(+3)

[ターン終了時]
自身のBPを回復する(+5)"
波打ち際の女剣士,"[バトル開始時]
自身に「チェインアーツ(ペルフォラシオンキンセ)」(効果バトル中永続)を付与する

[ターン終了時]
一定の確率(確率特大)で、自身の「ペルフォラシオンキンセ」の使用回数制限を回復する(+1/バトル開始時点の回数より多くならない)"
エレメントボルテージ(突・陽),"[ターン開始時]
以下の効果が発動する(上限回数：バトル中3回)
・自身に「エレメントエンハンス(突)」(効果超極大)を付与する
・自身に「エレメントエンハンス(陽)」(効果超極大)を付与する"
小剣の極み・真Ⅶ＆練気Ⅹ・Ⅵ,"[バトル開始時]
自身に「ウェポンエンハンス(小剣)」(効果超極大)を付与する
自身に「ディフェンスアップ」(効果超極大)を付与する
自身のBPを回復する(+10)

[攻撃命中時]
自身のBPを回復する(+6)"
おもちゃでも真剣,"[バトル開始時]
自身に「攻防の結束Ⅱ(全)」(効果1ターン)を付与する

[攻撃時]
味方生存者全体に「攻撃強化」(効果超極大/効果2ターン)を付与する
味方生存者全体に「防御強化」(効果小/効果2ターン)を付与する

[希望の銃声(※)を発動後]
対象に「ヒートアップ」(効果超極大+)を付与する
対象に「Weakヒートアップ」(効果超極大+)を付与する
対象に「ヒートアップ(カウンター)」(効果超極大+)を付与する

[タイプが「攻撃」である技・術を命中させた時(※)]
「夏祭りショット」が発動する
(技Rank1で発動)

※「アビリティ効果により発動する技・術」「特殊状態の効果により発動する技・術」「技・術の効果により発動する技・術」「溜め技・術」「溜め状態を付与する技・術」「カウンター効果による反撃技・術」は含まない"
フォートレスフィールド,"[ターン開始時]
味方生存者全体に「ディフェンスアップ」(効果大)を付与する(上限回数:バトル中2回)
味方生存者全体の腕力・体力・器用さ・素早さ・知力・精神・愛・魅力を上昇させる(効果大)
味方生存者全体に「防御強化」(効果特大/効果1ターン)を付与する"
攻援の戦技Ⅵ＆練気Ⅲ・Ⅳ,"[バトル開始時]
味方生存者全体に「ヒートアップ」(効果極大)を付与する
自身に「ディフェンスアップ」(効果超極大)を付与する
自身のBPを回復する(+3)

[攻撃命中時]
自身のBPを回復する(+4)"
今は楽しもう,"[バトル開始時]
自身に「エクストラフォース(熱/小)」(効果バトル中永続)を付与する

[ターン開始時]
味方生存者全体に「攻撃強化」(効果超極大/効果2ターン)を付与する

＜ODゲージが満タンの場合＞
味方生存者全体に「OD攻撃強化」(効果極大/効果2ターン)を付与する
味方生存者全体に「防御強化」(効果大/効果2ターン)を付与する
自身に「ドーンと弾けて！」(効果2ターン)を付与する

[ターン終了時]
自身のODゲージを上昇させる(効果特大)"
ドーンと弾けて！,"[タイプが「攻撃」である技・術を命中させた時(※)]
「ヴォルケーノフォール」が発動する
(術Rank1で発動)
※「アビリティ効果により発動する技・術」「特殊状態の効果により発動する技・術」「技・術の効果により発動する技・術」「溜め技・術」「溜め状態を付与する技・術」「カウンター効果による反撃技・術」は含まない

[OD攻撃(※)を発動後]
味方生存者全体に「OD攻撃強化」(効果極大/効果2ターン)を付与する
味方生存者全体に「防御強化」(効果中/効果2ターン)を付与する
※「アビリティ効果により発動する技・術」「特殊状態の効果により発動する技・術」「技・術の効果により発動する技・術」「溜め技・術」「溜め状態を付与する技・術」「カウンター効果による反撃技・術」は含まない"
超充の戦技Ⅶ＆練気Ⅳ・Ⅲ,"[バトル開始時]
味方生存者全体のODゲージを満タンにする
自身に「ディフェンスアップ」(効果超極大)を付与する
自身のBPを回復する(+4)

[攻撃命中時]
自身のBPを回復する(+3)

[ターン終了時]
味方生存者全体のODゲージを上昇させる(効果大)"
花火には負けない,"[攻撃命中時]
自身に「熱属性攻撃強化」(効果超極大/効果1ターン)を付与する
自身に「陽属性攻撃強化」(効果超極大/効果1ターン)を付与する

[タイプが「攻撃」である技・術を命中させた時(※)]
「乱れフレイムボール」が発動する
(術Rank1で発動)
※「アビリティ効果により発動する技・術」「特殊状態の効果により発動する技・術」「技・術の効果により発動する技・術」「溜め技・術」「溜め状態を付与する技・術」「カウンター効果による反撃技・術」は含まない"
熱陽激化Ⅵ(知力・精神),"[ターン開始時]
自身に「攻撃強化」(効果超極大/効果4ターン)を付与する
自身に「熱属性攻撃強化」(効果特大/効果4ターン)を付与する
自身に「陽属性攻撃強化」(効果特大/効果4ターン)を付与する
自身の知力・精神を上昇させる(効果特大)"
杖の極み・真Ⅶ＆練気Ⅶ・Ⅳ,"[バトル開始時]
自身に「ウェポンエンハンス(杖)」(効果超極大)を付与する
自身に「ディフェンスアップ」(効果超極大)を付与する
自身のBPを回復する(+7)

[攻撃命中時]
自身のBPを回復する(+4)"
祭りの舞姫,"[タイプが「攻撃」である技・術を命中させた時(※)]
「夏祭り音頭剣」が発動する
(技Rank1で発動)

[桜花吹雪(※)を発動後]
自身と対象に「ヒートアップ」(効果超極大+)を付与する
自身と対象に「Weakヒートアップ」(効果超極大+)を付与する
自身と対象に「エレメントエンハンス(斬)」(効果超極大+)を付与する
自身と対象に「斬属性攻撃強化」(効果超極大+/効果5ターン)を付与する
自身と対象のBPを回復する(+15)
味方生存者全体に「エレメントエンハンス(斬)」(効果超極大+)を付与する
味方生存者全体に「ディフェンスアップ」(効果極大)を付与する

※「アビリティ効果により発動する技・術」「特殊状態の効果により発動する技・術」「技・術の効果により発動する技・術」「溜め技・術」「溜め状態を付与する技・術」「カウンター効果による反撃技・術」は含まない"
ヴァリアントフィールド,"[ターン開始時]
味方生存者全体に「ヒートアップ」(効果極大)を付与する(上限回数:バトル中1回)
味方生存者全体に「ディフェンスアップ」(効果中)を付与する(上限回数:バトル中1回)
味方生存者全体の腕力・体力・器用さ・素早さ・知力・精神・愛・魅力を上昇させる(効果大)
味方生存者全体に「攻撃強化」(効果大/効果1ターン)を付与する
味方生存者全体に「防御強化」(効果中/効果1ターン)を付与する"
剣の極み・真Ⅶ＆練気Ⅴ・Ⅴ,"[バトル開始時]
自身に「ウェポンエンハンス(剣)」(効果超極大)を付与する
自身に「ディフェンスアップ」(効果超極大)を付与する
自身のBPを回復する(+5)

[攻撃命中時]
自身のBPを回復する(+5)"
金魚キャッチャー・ライザ,"[攻撃時]
自身に「防御強化」(効果中/効果1ターン)を付与する
味方生存者全体に「攻撃強化」(効果特大/効果3ターン)を付与する
味方生存者全体に「防御強化」(効果中/効果1ターン)を付与する

[タイプが「攻撃」である技・術を命中させた時(※)]
「DSC＋」と「メテオフォールドライバー」が発動する
(それぞれ技Rank1で発動)
※「アビリティ効果により発動する技・術」「特殊状態の効果により発動する技・術」「技・術の効果により発動する技・術」「溜め技・術」「溜め状態を付与する技・術」「カウンター効果による反撃技・術」は含まない"
打撃激化Ⅵ(腕力・素早さ),"[ターン開始時]
自身に「攻撃強化」(効果超極大/効果4ターン)を付与する
自身に「打属性攻撃強化」(効果超極大/効果4ターン)を付与する
自身の腕力・素早さを上昇させる(効果特大)"
闘援の戦技Ⅴ・Ⅰ＆練気Ⅶ・Ⅲ,"[バトル開始時]
味方生存者全体に「最大BP増加」(増加量5/効果バトル中永続)を付与する
自身に「ディフェンスアップ」(効果超極大)を付与する
自身のBPを回復する(+7)

[ターン開始時]
味方生存者全体に「消費BP減少」(減少量1/効果2ターン)を付与する

[攻撃命中時]
自身のBPを回復する(+3)"
買い食いも仕事のうち,"バトル開始時]
味方生存者全体のODゲージを満タンにする
味方生存者全体に「ウェポンリンクⅤ(銃)」(効果バトル中永続)を付与する
味方生存者全体に「エクストラフォース(銃/小)」(効果バトル中永続)を付与する
味方生存者全体に「オーバーエンハンス」(効果超極大)を付与する
自身に「ガンリンク」(効果1ターン)を付与する

[OD攻撃(※)を発動後]
「サンダーフォールマグナム」と「スリルボルト」が発動する
(それぞれ技Rank1で発動)
※「アビリティ効果により発動する技・術」「特殊状態の効果により発動する技・術」「技・術の効果により発動する技・術」「溜め技・術」「溜め状態を付与する技・術」「カウンター効果による反撃技・術」は含まない"
ウェポンフィールドⅥ(銃),"[ターン開始時]
味方生存者全体に「ウェポンエンハンス(銃)」(効果超極大)を付与する(上限回数:バトル中5回)
味方生存者全体の腕力・体力・器用さ・素早さ・知力・精神・愛・魅力を上昇させる(効果大)"
攻援の戦技Ⅵ＆練気Ⅵ・Ⅱ,"[バトル開始時]
味方生存者全体に「ヒートアップ」(効果極大)を付与する
自身に「ディフェンスアップ」(効果超極大)を付与する
自身のBPを回復する(+6)

[攻撃命中時]
自身のBPを回復する(+2)"
言葉など無意味,"[バトル開始時]
自身に「龍の波動(1回)」(効果1ターン)を付与する

[ターン開始時]
味方生存者全体に「防御強化」(効果極大/効果1ターン)を付与する
敵全体に「デュアルクレスト(斬・陰)(10回)」(効果1ターン)を付与する
自身と、ランダムな味方生存者1体に「ダメージブロック(1回)」(効果1ターン)を付与する

[タイプが「攻撃」である技・術を命中させた時(※)]
「ファントムカッター」が2回発動する
(術Rank1で発動)
※「アビリティ効果により発動する技・術」「特殊状態の効果により発動する技・術」「技・術の効果により発動する技・術」「溜め技・術」「溜め状態を付与する技・術」「カウンター効果による反撃技・術」は含まない"
エレメントフィールド(斬・陰),"[ターン開始時]
味方生存者全体に「デュアルエンハンス(斬・陰)」(効果極大)を付与する(上限回数:バトル中5回)
味方生存者全体の腕力・体力・器用さ・素早さ・知力・精神・愛・魅力を上昇させる(効果大)"
防援の戦技Ⅳ＆練気Ⅶ・Ⅳ,"[バトル開始時]
味方生存者全体に「ディフェンスアップ」(効果大)を付与する
自身に「ディフェンスアップ」(効果超極大)を付与する
自身のBPを回復する(+7)

[攻撃命中時]
自身のBPを回復する(+4)"
日輪の道行,"[バトル開始時]
味方生存者全体に「エレメントエンハンス(陽)」(効果超極大+)を付与する
味方生存者全体に「ディフェンスアップ」(効果超極大+)を付与する
味方生存者全体のODゲージを満タンにする

[バトル開始から数えて偶数ターン目の開始時]
味方生存者全体に「陽属性攻撃強化」(効果超極大+/効果1ターン)を付与する

[皇嗣の指導(※)を発動後]
対象に「ヒートアップ」(効果超極大+)を付与する
対象に「エレメントエンハンス(陽)」(効果超極大+)を付与する
対象に「陽属性攻撃強化」(効果超極大+/効果10ターン)を付与する
対象の腕力・器用さ・素早さ・知力を上昇させる(効果超極大)
自身のBPを回復する(+12)
※「アビリティ効果により発動する技・術」「特殊状態の効果により発動する技・術」「技・術の効果により発動する技・術」「溜め技・術」「溜め状態を付与する技・術」「カウンター効果による反撃技・術」は含まない

[バトル開始から数えて奇数ターン目の終了時]
味方生存者全体のODゲージを満タンにする"
光の領域,"[ターン開始時]
味方生存者全体に「エレメントエンハンス(陽)」(効果超極大+)を付与する(上限回数:バトル中2回)
味方生存者全体に「陽属性攻撃強化」(効果超極大/効果2ターン)を付与する
味方生存者全体の腕力・体力・器用さ・素早さ・知力・精神・愛・魅力を上昇させる(効果極大)"
小剣の天稟・真Ⅵ＆練気Ⅴ・Ⅲ,"Resist攻撃を受けた時、被ダメージを軽減する(効果超極大)
Resist攻撃を受けた時、敵の攻撃を回避する(確率大)

[バトル開始時]
自身に「ウェポンエンハンス(小剣)」(効果極大)を付与する
自身のBPを回復する(+5)

[攻撃命中時]
自身のBPを回復する(+3)"
覚悟の一歩,"[バトル開始時]
味方生存者全体のODゲージを満タンにする

[ターン開始時]
味方生存者全体に「防御強化」(効果特大/効果3ターン)を付与する
自身に「防御強化」(効果大/効果3ターン)を付与する
自身に「攻撃強化」(効果超極大/効果4ターン)を付与する
自身に「突属性攻撃強化」(効果特大/効果4ターン)を付与する
自身に「冷属性攻撃強化」(効果特大/効果4ターン)を付与する
自身の腕力を上昇させる(効果特大)"
熱気反骨,"[攻撃を受けた時(※)]
自身に「ドライブアーツ(オーシャンランス)(1回)」(効果3ターン)を付与する
※攻撃が命中した時のみ発動

[熱属性を含む攻撃を受けた時(※)]
自身に「ドライブアーツ(オーシャンランス)(1回)」(効果3ターン)を付与する
※攻撃が命中した時のみ発動

[自身以外の味方生存者が攻撃を受けた時(※)]
味方生存者全体に「攻撃強化」(効果大/効果2ターン)を付与する
味方生存者全体に「熱属性防御強化」(効果中/効果1ターン)を付与する
味方生存者全体に「ターン終了時ODゲージ上昇(小)」(効果1ターン)を付与する
※発動回数は攻撃を受けた人数によらない"
鉄壁の戦技Ⅶ＆練気Ⅳ・Ⅱ,"[バトル開始時]
自身に「ディフェンスアップ」(効果超極大)を付与する
自身のBPを回復する(+4)

[ターン開始時]
自身に「ディフェンスアップ」(効果大)を付与する(上限回数:バトル中5回)
自身の体力・精神を上昇させる(効果特大)
自身を「挑発」状態(効果中/効果2ターン)にする
自身以外の味方生存者全体を「ステルス」状態(効果中/効果2ターン)にする

[攻撃命中時]
自身のBPを回復する(+2)"
街を見張る海賊,"[バトル開始時]
自身のODゲージを満タンにする
自身に「追撃(雷鳴六剛斬)」(効果バトル中永続)を付与する
自身に「追撃(氷雪六剛斬)」(効果バトル中永続)を付与する

[ターン開始時]
味方生存者全体に「超撃波紋(1回)」(効果1ターン)を付与する
味方生存者全体に「ドライヴレゾナンス(1回)」(効果1ターン)を付与する

[ターン終了時]
自身のODゲージを満タンにする"
オーバーヴァリアントフィールド,"[ターン開始時]
味方生存者全体に「オーバーエンハンス」(効果超極大)を付与する(上限回数:バトル中3回)
味方生存者全体に「ディフェンスアップ」(効果中)を付与する(上限回数:バトル中1回)
味方生存者全体の腕力・体力・器用さ・素早さ・知力・精神・愛・魅力を上昇させる(効果大)
味方生存者全体に「攻撃強化」(効果特大/効果1ターン)を付与する
味方生存者全体に「防御強化」(効果中/効果1ターン)を付与する"
大剣の極み・真Ⅶ＆練気Ⅴ・Ⅴ,"[バトル開始時]
自身に「ウェポンエンハンス(大剣)」(効果超極大)を付与する
自身に「ディフェンスアップ」(効果超極大)を付与する
自身のBPを回復する(+5)

[攻撃命中時]
自身のBPを回復する(+5)"
占いが見せるもの,"[バトル開始時]
味方生存者全体のODゲージを満タンにする

[ターン開始時]
味方生存者全体に「防御強化」(効果極大/効果2ターン)を付与する
自身以外の味方生存者全体に「冷属性攻撃強化」(効果超極大+/効果2ターン)を付与する
自身以外の味方生存者全体に「OD攻撃強化」(効果超極大+/効果2ターン)を付与する
自身以外の味方生存者全体の腕力・体力・器用さ・素早さ・知力・精神・愛・魅力を上昇させる(効果極大)
自身に「行動順補正上昇」(効果極大/効果2ターン)を付与する

[タイプが「攻撃」である技・術を命中させた時(※)]
「アクアボンバー」が発動する
(術Rank1で発動)
※「アビリティ効果により発動する技・術」「特殊状態の効果により発動する技・術」「技・術の効果により発動する技・術」「溜め技・術」「溜め状態を付与する技・術」「カウンター効果による反撃技・術」は含まない"
パワーエンチャント(冷),"[冷属性を含む攻撃時]
自身の腕力・体力・器用さ・素早さ・知力・精神・愛・魅力を上昇させる(効果大)
自身に「攻撃強化」(効果超極大+/効果4ターン)を付与する
自身に「ターン終了時ODゲージ上昇(中)」(効果2ターン)を付与する
自身のすべての状態異常耐性を上昇させる(効果超極大)"
攻援の戦技Ⅵ＆練気Ⅶ・Ⅳ,"[バトル開始時]
味方生存者全体に「ヒートアップ」(効果極大)を付与する
自身に「ディフェンスアップ」(効果超極大)を付与する
自身のBPを回復する(+7)

[攻撃命中時]
自身のBPを回復する(+4)"
招かれた理由,"[光明の剣技を命中させた時]
自身に「攻撃強化」(効果大/効果2ターン)を付与する
自身の腕力を上昇させる(効果大)
自身の「光芒白連斬」の使用回数制限を回復する(+2/バトル開始時点の回数より多くならない)

[光芒白連斬を命中させた時]
自身に「攻撃強化」(効果超極大/効果1ターン)を付与する
自身の腕力を上昇させる(効果特大)

[リオンスパーダを命中させた時]
自身に「攻撃強化」(効果超極大+/効果1ターン)を付与する
自身の腕力を上昇させる(効果極大)"
エレメントボルテージ(斬・陽),"[ターン開始時]
以下の効果が発動する(上限回数:バトル中3回)
・自身に「エレメントエンハンス(斬)」(効果超極大)を付与する
・自身に「エレメントエンハンス(陽)」(効果超極大)を付与する"
大剣の極み・真Ⅶ＆練気Ⅹ・Ⅵ,"[バトル開始時]
自身に「ウェポンエンハンス(大剣)」(効果超極大)を付与する
自身に「ディフェンスアップ」(効果超極大)を付与する
自身のBPを回復する(+10)

[攻撃命中時]
自身のBPを回復する(+6)"
ご主人様との浜辺,"[バトル開始時]
味方生存者全体に「エレメントエンハンス(陰)」(効果超極大)を付与する
味方生存者全体に「ディフェンスアップ」(効果極大)を付与する

[攻撃時]
味方生存者全体の腕力・体力・器用さ・素早さ・知力・精神・愛・魅力を上昇させる(効果小)
味方生存者全体に「攻撃強化」(効果中/効果2ターン)を付与する
味方生存者全体に「防御強化」(効果小/効果1ターン)を付与する"
アサルトフィールドⅢ,"[ターン開始時]
味方生存者全体に「ヒートアップ」(効果特大)を付与する(上限回数:バトル中3回)
味方生存者全体の腕力・体力・器用さ・素早さ・知力・精神・愛・魅力を上昇させる(効果大)
味方生存者全体に「攻撃強化」(効果極大/効果1ターン)を付与する"
闘援の戦技Ⅴ・Ⅰ＆練気Ⅱ・Ⅱ,"[バトル開始時]
味方生存者全体に「最大BP増加」(増加量5/効果バトル中永続)を付与する
自身に「ディフェンスアップ」(効果超極大)を付与する
自身のBPを回復する(+2)

[ターン開始時]
味方生存者全体に「消費BP減少」(減少量1/効果2ターン)を付与する

[攻撃命中時]
自身のBPを回復する(+2)"
夏の美神,"[バトル開始時]
自身に「エクストラフォース(熱/小)」(効果バトル中永続)を付与する
自身の魅力を上昇させる(効果超極大+)
自身に「後攻態勢」(効果バトル中永続)を付与する
自身に「ディフェンスアップ」(効果超極大)を付与する

[ターン開始時]
敵全体に「美神の威光(5回)」(効果1ターン)を付与する
自身の魅力を上昇させる(効果超極大+)
自身を「挑発」状態(効果大/効果3ターン)にする
自身以外の味方生存者全体を「ステルス」状態(効果大/効果3ターン)にする

[攻撃時]
自身の知力・魅力を上昇させる(効果超極大+)
自身のHPを回復する(効果極小)

[攻撃を受けた時]
自身に「美神の連鎖」(効果1ターン)を付与する
自身に「防御強化」(効果小/効果1ターン)を付与する
自身の体力・精神・魅力を上昇させる(効果特大)"
美神の連鎖,"[単体攻撃(※)を発動後]
「ほのおのれんじん」が発動する
(術Rank1で発動)

[縦一列攻撃(※)を発動後]
「フラマバーティカル」が発動する
(術Rank1で発動)

[全体攻撃(※)を発動後]
「灼熱のビーチサイド」が発動する
(術Rank1で発動)

※「アビリティ効果により発動する技・術」「特殊状態の効果により発動する技・術」「技・術の効果により発動する技・術」「溜め技・術」「溜め状態を付与する技・術」「カウンター効果による反撃技・術」は含まない"
杖の極み・真Ⅶ＆練気Ⅶ・Ⅲ,"[バトル開始時]
自身に「ウェポンエンハンス(杖)」(効果超極大)を付与する
自身のBPを回復する(+7)

[攻撃命中時]
自身のBPを回復する(+3)"
元リーダーの休暇,"[バトル開始時]
味方生存者全体に「躍進・斬(1回)」(効果ターン数制限なし)を付与する
味方生存者全体に「躍進・陰(1回)」(効果ターン数制限なし)を付与する

[ターン開始時]
味方生存者全体に「防御強化」(効果特大/効果1ターン)を付与する

[タイプが「攻撃」である技・術を命中させた時(※)]
「果汁満足斬」が発動する
(技Rank1で発動)
※「アビリティ効果により発動する技・術」「特殊状態の効果により発動する技・術」「技・術の効果により発動する技・術」「溜め技・術」「溜め状態を付与する技・術」「カウンター効果による反撃技・術」は含まない"
エレメントボルテージ(斬・陰),"[ターン開始時]
以下の効果が発動する(上限回数:バトル中3回)
・自身に「エレメントエンハンス(斬)」(効果超極大)を付与する
・自身に「エレメントエンハンス(陰)」(効果超極大)を付与する"
斧の極み・真Ⅶ＆練気Ⅶ・Ⅲ,"[バトル開始時]
自身に「ウェポンエンハンス(斧)」(効果超極大)を付与する
自身に「ディフェンスアップ」(効果超極大)を付与する
自身のBPを回復する(+7)

[攻撃命中時]
自身のBPを回復する(+3)"
渚の警官,"[バトル開始時]
自身に「エクストラフォース(打/中)」(効果バトル中永続)を付与する

[味方生存者が攻撃を受けた時(※)]
自身の腕力・素早さを上昇させる(効果超極大)
自身に「Weak攻撃強化」(効果超極大/効果2ターン)を付与する
※発動回数は攻撃を受けた人数によらない

[タイプが「攻撃」である技・術を命中させた時(※)]
「スカイラッシュキック」が発動する
(技Rank1で発動)
※「アビリティ効果により発動する技・術」「特殊状態の効果により発動する技・術」「技・術の効果により発動する技・術」「溜め技・術」「溜め状態を付与する技・術」「カウンター効果による反撃技・術」は含まない"
打熱激化Ⅵ(腕力・素早さ),"[ターン開始時]
自身に「攻撃強化」(効果超極大/効果4ターン)を付与する
自身に「打属性攻撃強化」(効果特大/効果4ターン)を付与する
自身に「熱属性攻撃強化」(効果特大/効果4ターン)を付与する
自身の腕力・素早さを上昇させる(効果特大)"
体術の天稟・真Ⅵ＆練気Ⅹ・Ⅱ,"Resist攻撃を受けた時、被ダメージを軽減する(効果超極大)
Resist攻撃を受けた時、敵の攻撃を回避する(確率大)

[バトル開始時]
自身に「ウェポンエンハンス(体術)」(効果極大)を付与する
自身のBPを回復する(+10)

[攻撃命中時]
自身のBPを回復する(+2)"
世界と人々を守る聖騎士,"[バトル開始時]
敵全体に「聖なる誓針(50回)」(効果5ターン)を付与する
敵全体に「聖なる誓言(1回)」(効果ターン数制限なし)を付与する

[タイプが「攻撃」である技・術を命中させた時(※)]
「聖雷三連球」が発動する
(術Rank1で発動)

[光芒の聖雷球(※)を発動後]
味方生存者全体に「防御強化」(効果極大/効果1ターン)を付与する
「光芒の聖雷球」が発動する
(術Rank1で発動)

※「アビリティ効果により発動する技・術」「特殊状態の効果により発動する技・術」「技・術の効果により発動する技・術」「溜め技・術」「溜め状態を付与する技・術」「カウンター効果による反撃技・術」は含まない"
エレメントフィールド(雷・陽),"[ターン開始時]
味方生存者全体に「デュアルエンハンス(雷・陽)」(効果極大)を付与する(上限回数:バトル中5回)
味方生存者全体の腕力・体力・器用さ・素早さ・知力・精神・愛・魅力を上昇させる(効果大)"
攻援の戦技Ⅵ＆練気Ⅲ,"[バトル開始時]
味方生存者全体に「ヒートアップ」(効果極大)を付与する
自身に「ディフェンスアップ」(効果超極大)を付与する

[攻撃命中時]
自身のBPを回復する(+3)"
今を生きる半妖,"[バトル開始時]
自身に「エクストラフォース(斬/小)」(効果バトル中永続)を付与する
味方生存者全体に「エクストラフォース(Weak/極小)」(効果バトル中永続)を付与する
味方生存者全体に「ヒートアップ」(効果超極大)を付与する
味方生存者全体に「エレメントエンハンス(斬)」(効果極大)を付与する
味方生存者全体に「エレメントエンハンス(陰)」(効果極大)を付与する
味方生存者全体に「ディフェンスアップ」(効果超極大)を付与する"
紫の剣技,"[タイプが「攻撃」である技・術を命中させた時(※)]
「スピニングブラッド」が発動する
(技Rank1で発動)

[妖気双連または妖力覚醒を発動後(※)]
「三妖剣」が発動する
(技Rank1で発動)

[幻魔弐舞または妖力覚醒を発動後(※)]
「七刃晦冥」が発動する
(技Rank1で発動)

※「アビリティ効果により発動する技・術」「特殊状態の効果により発動する技・術」「技・術の効果により発動する技・術」「溜め技・術」「溜め状態を付与する技・術」「カウンター効果による反撃技・術」は含まない"
剣の極み・真Ⅶ＆練気Ⅶ・Ⅲ,"[バトル開始時]
自身に「ウェポンエンハンス(剣)」(効果超極大)を付与する
自身に「ディフェンスアップ」(効果超極大)を付与する
自身のBPを回復する(+7)

[攻撃命中時]
自身のBPを回復する(+3)"
エクストラフォース(Weak/極小),"[Weak攻撃時]
特別な与ダメージ上昇が発生する(重複不可)"
虚脱攻撃Ⅰ,"[攻撃命中時]
対象の腕力・体力・器用さ・素早さ・知力を低下させる(効果小)"
斬陰活性Ⅲ(腕力),"[攻撃時]
味方生存者全体に「攻撃強化」(効果大/効果2ターン)を付与する
自身に「斬属性攻撃強化」(効果大/効果2ターン)を付与する
自身に「陰属性攻撃強化」(効果大/効果2ターン)を付与する
自身の腕力を上昇させる(効果中)"
半妖の助太刀(1回),"[ターン開始時]
以下の効果が発動する(上限回数:1回)
・自身に「斬属性攻撃強化」(効果特大/効果1ターン)を3個付与する
・自身に「陰属性攻撃強化」(効果特大/効果1ターン)を3個付与する
・自身の腕力・体力・器用さ・素早さ・知力・精神・愛・魅力を上昇させる(効果極大)"
家族の記憶,"[バトル開始時]
味方生存者全体に「エクストラフォース(Weak/極小)」(効果バトル中永続)を付与する
自身に「フレイムトリック」(効果バトル中永続)を付与する

[ターン開始時]
味方生存者全体に「防御強化」(効果極大/効果1ターン)を付与する

[技攻撃(※)を発動後]
「ファントムラッシュ」が2回発動する
(技Rank1で発動)

[術攻撃(※)を発動後]
「煉黒球」が2回発動する
(術Rank1で発動)

[ダークネスフォース(※)を発動後]
「煉黒球」が発動する
(術Rank1で発動)

※「アビリティ効果により発動する技・術」「特殊状態の効果により発動する技・術」「技・術の効果により発動する技・術」「溜め技・術」「溜め状態を付与する技・術」「カウンター効果による反撃技・術」は含まない"
プロテクションフィールド,"[ターン開始時]
味方生存者全体の腕力・体力・器用さ・素早さ・知力・精神・愛・魅力を上昇させる(効果大)
味方生存者全体に「防御強化」(効果中/効果1ターン)を付与する
味方生存者全体に「ディフェンスアップ」(効果小)を付与する(上限回数:バトル中3回)"
杖の天稟・真Ⅵ＆決意Ⅱ・Ⅲ,"Resist攻撃を受けた時、被ダメージを軽減する(効果超極大)
Resist攻撃を受けた時、敵の攻撃を回避する(確率大)

[バトル開始時]
自身に「ウェポンエンハンス(杖)」(効果極大)を付与する
自身のBPを回復する(+2)

[ターン終了時]
自身のBPを回復する(+3)"
小剣技の真髄Ⅶ,"[バトル開始時]
自身に「ヒートアップ」(効果超極大)を付与する
自身に「Weakヒートアップ」(効果超極大)を付与する
自身に「ウェポンエンハンス(小剣)」(効果超極大)を付与する
自身のBPを回復する(+10)

[ラウンド開始時]
自身に「Weak攻撃強化」(効果極大/効果1ターン)を付与する"
オフェンスフィールド,"[ターン開始時]
自身のBPを回復する(+2)
味方生存者全体に「攻撃強化」(効果大/効果1ターン)を付与する
味方生存者全体に「ヒートアップ」(効果中)を付与する(上限回数:バトル中5回)"
攻防の戦技Ⅵ,"攻撃の与ダメージが上昇する(効果超極大)
かつ、攻撃を受けた時、被ダメージを軽減する(効果特大)"
短気なツチノコ釣り,"[バトル開始時]
敵全体に「氷の針呪(50回)」(効果5ターン)を付与する
敵全体に「氷の呪言(1回)」(効果ターン数制限なし)を付与する
自身に「消費BP減少」(減少量2/効果バトル中永続)を付与する

[ターン開始時]
味方生存者全体に「打・冷属性攻撃強化」(効果超極大+/効果2ターン)を付与する
味方生存者全体に「防御強化」(効果極大/効果1ターン)を付与する

[タイプが「攻撃」である技・術を命中させた時(※)]
「氷晶六落」が発動する
(術Rank1で発動)
※「アビリティ効果により発動する技・術」「特殊状態の効果により発動する技・術」「技・術の効果により発動する技・術」「溜め技・術」「溜め状態を付与する技・術」「カウンター効果による反撃技・術」は含まない"
精霊ツチノコ？,"[バトル開始時]
味方生存者全体に「ダンスオブポイズン」(効果バトル中永続)を付与する
味方生存者全体に「ディフェンスアップ」(効果超極大)を付与する
ただし、味方生存者全体を毒状態(効果4ターン)にする

[タイプが「攻撃」である技・術を命中させた時(※)]
「四氷落命」が発動する
(術Rank1で発動)
※「アビリティ効果により発動する技・術」「特殊状態の効果により発動する技・術」「技・術の効果により発動する技・術」「溜め技・術」「溜め状態を付与する技・術」「カウンター効果による反撃技・術」は含まない"
ダンスオブポイズン,"ターン開始時、自身が毒状態の場合、以下の効果が発動する
・自身に「消費BP減少」(減少量3/効果2ターン)を付与する
・自身に「攻撃強化」(効果超極大+/効果2ターン)を付与する
・自身に「Weak攻撃強化」(効果超極大+/効果2ターン)を付与する
・自身に「幻影」(効果1ターン)を付与する"
攻援の戦技Ⅵ＆決意Ⅵ・Ⅰ,"[バトル開始時]
味方生存者全体に「ヒートアップ」(効果極大)を付与する
自身に「ディフェンスアップ」(効果超極大)を付与する
自身のBPを回復する(+6)

[ターン終了時]
自身のBPを回復する(+1)"
ツチノコより大事なこと,"[バトル開始時]
味方生存者全体のODゲージを満タンにする
味方生存者全体に「ウェポンリンクⅤ(斧)」(効果バトル中永続)を付与する
味方生存者全体に「エクストラフォース(斧/小)」(効果バトル中永続)を付与する
味方生存者全体に「オーバーエンハンス」(効果超極大)を付与する
自身に「アクスリンク」(効果1ターン)を付与する

[タイプが「攻撃」である技・術を命中させた時(※)]
「マキ割りマシンガン」と「デッドリースピン＋」が発動する
(それぞれ技Rank1で発動)
※「アビリティ効果により発動する技・術」「特殊状態の効果により発動する技・術」「技・術の効果により発動する技・術」「溜め技・術」「溜め状態を付与する技・術」「カウンター効果による反撃技・術」は含まない"
ウェポンフィールドⅥ(斧),"[ターン開始時]
味方生存者全体に「ウェポンエンハンス(斧)」(効果超極大)を付与する(上限回数:バトル中5回)
味方生存者全体の腕力・体力・器用さ・素早さ・知力・精神・愛・魅力を上昇させる(効果大)"
斧の極み・真Ⅶ＆練気Ⅱ・Ⅲ,"[バトル開始時]
自身に「ウェポンエンハンス(斧)」(効果超極大)を付与する
自身に「ディフェンスアップ」(効果超極大)を付与する
自身のBPを回復する(+2)

[攻撃命中時]
自身のBPを回復する(+3)"
ツチノコを追う姫,"[ターン開始時]
味方生存者全体に「攻撃強化」(効果超極大+/効果2ターン)を付与する
味方生存者全体に「斬・突属性攻撃強化」(効果超極大+/効果2ターン)を付与する
味方生存者全体に「防御強化」(効果特大/効果2ターン)を付与する
自身に「攻撃強化」(効果超極大+/効果1ターン)を付与する
自身の腕力を上昇させる(効果特大)

[タイプが「攻撃」である技・術を命中させた時(※)]
「UMA発剣」が発動する
(技Rank1で発動)
※「アビリティ効果により発動する技・術」「特殊状態の効果により発動する技・術」「技・術の効果により発動する技・術」「溜め技・術」「溜め状態を付与する技・術」「カウンター効果による反撃技・術」は含まない"
エレメントフィールド(斬・突),"[ターン開始時]
味方生存者全体に「デュアルエンハンス(斬・突)」(効果極大)を付与する(上限回数:バトル中5回)
味方生存者全体の腕力・体力・器用さ・素早さ・知力・精神・愛・魅力を上昇させる(効果大)"
剣の極み・真Ⅶ＆練気Ⅴ・Ⅲ,"[バトル開始時]
自身に「ウェポンエンハンス(剣)」(効果超極大)を付与する
自身に「ディフェンスアップ」(効果超極大)を付与する
自身のBPを回復する(+5)

[攻撃命中時]
自身のBPを回復する(+3)"
気合いのツチノコ探索,"味方全体に以下の効果が発動する
・直接攻撃の与ダメージが上昇する(効果超極大+)
・ただし、間接攻撃の与ダメージが低下する(効果超極大+)

[バトル開始時]
味方生存者全体に「エクストラフォース(直接/極小)」(効果バトル中永続)を付与する
味方生存者全体に「ヒートアップ(直接)」(効果超極大+)を付与する
ただし、味方生存者全体に「ヒートダウン(間接)」(効果超極大+)を付与する

[ターン開始時]
味方生存者全体に「ヒートアップ(直接)」(効果超極大+)を付与する(上限回数:バトル中3回)
味方生存者全体に「肉弾戦(1回)」(効果1ターン)を付与する
味方生存者全体の腕力・体力・器用さ・素早さ・知力・精神・愛・魅力を上昇させる(効果超極大)
ただし、味方生存者全体に「ヒートダウン(間接)」(効果超極大+)を付与する(上限回数:バトル中3回)"
斬打激化Ⅵ(腕力・体力),"[ターン開始時]
自身に「攻撃強化」(効果超極大/効果4ターン)を付与する
自身に「斬属性攻撃強化」(効果特大/効果4ターン)を付与する
自身に「打属性攻撃強化」(効果特大/効果4ターン)を付与する
自身の腕力・体力を上昇させる(効果特大)"
大剣の極み・真Ⅶ＆練気Ⅶ・Ⅲ,"[バトル開始時]
自身に「ウェポンエンハンス(大剣)」(効果超極大)を付与する
自身に「ディフェンスアップ」(効果超極大)を付与する
自身のBPを回復する(+7)

[攻撃命中時]
自身のBPを回復する(+3)"
夢叶えしもの,"[攻撃時]
味方生存者全体に「防御強化」(効果中/効果2ターン)を付与する
対象に「防御弱化」(効果大/効果2ターン)を付与する
対象の腕力・体力・器用さ・素早さ・知力を低下させる(効果特大)

[タイプが「攻撃」である技・術を命中させた時(※)]
「ブルーホリゾンタル」と「碧槍五閃」が発動する
(それぞれ技Rank1で発動)
※「アビリティ効果により発動する技・術」「特殊状態の効果により発動する技・術」「技・術の効果により発動する技・術」「溜め技・術」「溜め状態を付与する技・術」「カウンター効果による反撃技・術」は含まない"
突冷活性Ⅲ(腕力・精神),"[攻撃時]
味方生存者全体に「攻撃強化」(効果大/効果2ターン)を付与する
自身に「突属性攻撃強化」(効果大/効果2ターン)を付与する
自身に「冷属性攻撃強化」(効果大/効果2ターン)を付与する
自身の腕力・精神を上昇させる(効果中)"
槍の極み・真Ⅶ＆練気Ⅳ・Ⅱ,"[バトル開始時]
自身に「ウェポンエンハンス(槍)」(効果超極大)を付与する
自身に「ディフェンスアップ」(効果超極大)を付与する
自身のBPを回復する(+4)

[攻撃命中時]
自身のBPを回復する(+2)"
世界統一の天命,"[バトル開始時]
味方生存者全体に「連携の一撃Ⅲ」(効果バトル中永続)を付与する

[タイプが「攻撃」である技・術を命中させた時(※)]
「瞬速の双弓」が発動する
(技Rank1で発動)
※「アビリティ効果により発動する技・術」「特殊状態の効果により発動する技・術」「技・術の効果により発動する技・術」「溜め技・術」「溜め状態を付与する技・術」「カウンター効果による反撃技・術」は含まない"
スーパーオーバーフィールド,"[ターン開始時]
自身のBPを回復する(+2)
味方生存者全体に「攻撃強化」(効果大/効果1ターン)を付与する
味方生存者全体に「オーバーエンハンス」(効果極大)を付与する(上限回数:バトル中3回)

[ターン終了時]
味方生存者全体のODゲージを上昇させる(効果中)"
超充の戦技Ⅶ＆練気Ⅰ,"[バトル開始時]
味方生存者全体のODゲージを満タンにする
自身に「ディフェンスアップ」(効果超極大)を付与する

[攻撃命中時]
自身のBPを回復する(+1)

[ターン終了時]
味方生存者全体のODゲージを上昇させる(効果大)"
混沌に反する者,"[タイプが「攻撃」である技・術を命中させた時(※)]
「ピュアドロップ」と「トリプルジェット」が発動する
(それぞれ術Rank1で発動)
※「アビリティ効果により発動する技・術」「特殊状態の効果により発動する技・術」「技・術の効果により発動する技・術」「溜め技・術」「溜め状態を付与する技・術」「カウンター効果による反撃技・術」は含まない"
ヴァリアントエリア,"[ターン開始時]
味方生存者全体に「攻撃強化」(効果中/効果1ターン)を付与する
味方生存者全体に「防御強化」(効果小/効果1ターン)を付与する

さらに、以下の効果が発動する(上限回数:バトル中3回)
・味方生存者全体に「ヒートアップ」(効果中)を付与する
・味方生存者全体に「ディフェンスアップ」(効果小)を付与する

[ターン終了時]
自身のBPを回復する(+2)"
体術の天稟・真Ⅵ＆練気Ⅳ・Ⅱ,"Resist攻撃を受けた時、被ダメージを軽減する(効果超極大)
Resist攻撃を受けた時、敵の攻撃を回避する(確率大)

[バトル開始時]
自身に「ウェポンエンハンス(体術)」(効果極大)を付与する
自身のBPを回復する(+4)

[攻撃命中時]
自身のBPを回復する(+2)"
ダームを守る戦士,"[味方が攻撃を受ける時]
味方への攻撃を身代わりで受け、被ダメージを軽減する(確率特大)

[攻撃を受けた時]
自身に「ターン終了時ODゲージ上昇(小)」(効果1ターン)を付与する
自身のすべての状態異常耐性を上昇させる(効果特大)
さらに、一定の確率(確率大)で、自身に「連鎖超撃(竜破乱舞)(1回)」(効果3ターン)を付与する"
攻防の極意Ⅱ,"[攻撃時]
味方生存者全体に「攻撃強化」(効果大/効果2ターン)を付与する
味方生存者全体の腕力・器用さ・素早さ・知力を上昇させる(効果中)

[攻撃を受けた時]
味方生存者全体に「防御強化」(効果中/効果1ターン)を付与する
味方生存者全体の体力・精神・愛・魅力を上昇させる(効果中)"
鉄壁の戦技Ⅶ＆練気Ⅱ,"[バトル開始時]
自身に「ディフェンスアップ」(効果超極大)を付与する

[ターン開始時]
自身に「ディフェンスアップ」(効果大)を付与する(上限回数:バトル中5回)
自身の体力・精神を上昇させる(効果特大)
自身を「挑発」状態(効果中/効果2ターン)にする
自身以外の味方生存者全体を「ステルス」状態(効果中/効果2ターン)にする

[攻撃命中時]
自身のBPを回復する(+2)"
変化の切っ掛け,"[バトル開始時]
味方生存者全体に「エクストラフォース(Weak/極小)」(効果バトル中永続)を付与する
味方生存者全体に「ディフェンスアップ」(効果超極大)を付与する
味方生存者全体に「虚脱攻撃Ⅰ」(効果バトル中永続)を付与する

[ターン開始時]
自身を「ステルス」状態(効果小/効果2ターン)にする
味方生存者全体のすべての状態異常耐性を上昇させる(効果特大)
味方生存者全体の精神を上昇させる(効果小)

[タイプが「攻撃」である技・術を命中させた時(※)]
「シャインペネトレーター」が発動する
(技Rank1で発動)
※「アビリティ効果により発動する技・術」「特殊状態の効果により発動する技・術」「技・術の効果により発動する技・術」「溜め技・術」「溜め状態を付与する技・術」「カウンター効果による反撃技・術」は含まない"
突陽激化Ⅵ(器用さ・知力),"[ターン開始時]
自身に「攻撃強化」(効果超極大/効果4ターン)を付与する
自身に「突属性攻撃強化」(効果特大/効果4ターン)を付与する
自身に「陽属性攻撃強化」(効果特大/効果4ターン)を付与する
自身の器用さ・知力を上昇させる(効果特大)"
妨害の戦技Ⅴ＆練気Ⅳ・Ⅳ,"[バトル開始時]
敵全体に「ヒートダウン」(効果特大)を付与する
自身に「ディフェンスアップ」(効果超極大)を付与する
自身のBPを回復する(+4)

[攻撃命中時]
自身のBPを回復する(+4)"
人の手で成すべきこと,"[攻撃命中時]
対象の体力・精神・愛・魅力を低下させる(効果中)
自身に「防御強化」(効果中/効果2ターン)を付与する

[攻撃を受けた時]
敵全体の腕力・器用さ・素早さ・知力を低下させる(効果中)
自身に「攻撃強化」(効果特大/効果2ターン)を付与する

[単体攻撃(※)を発動後]
「テトライスキオス」が発動する
(技Rank1で発動)
自身に「シェイドフォーカス」(効果2ターン)を付与する

[全体攻撃(※)を発動後]
「アーテルプレシオン」が発動する
(技Rank1で発動)
自身に「シェイドディフュージョン」(効果2ターン)を付与する

※「アビリティ効果により発動する技・術」「特殊状態の効果により発動する技・術」「技・術の効果により発動する技・術」「溜め技・術」「溜め状態を付与する技・術」「カウンター効果による反撃技・術」は含まない"
クリアフィールド,"[ターン開始時]
味方生存者全体に「防御強化」(効果特大/効果1ターン)を付与する
味方生存者全体の腕力・体力・器用さ・素早さ・知力・精神・愛・魅力を上昇させる(効果超極大)
敵全体の腕力・体力・器用さ・素早さ・知力・精神・愛・魅力を低下させる(効果超極大)

ただし、ターン終了時、以下の効果が発動する
・味方生存者全体の腕力・体力・器用さ・素早さ・知力・精神・愛・魅力の能力アップ状態を解除する
・敵全体の腕力・体力・器用さ・素早さ・知力・精神・愛・魅力の能力ダウン状態を解除する"
鉄壁の戦技Ⅶ＆練気Ⅱ・Ⅱ,"[バトル開始時]
自身に「ディフェンスアップ」(効果超極大)を付与する
自身のBPを回復する(+2)

[ターン開始時]
自身に「ディフェンスアップ」(効果大)を付与する(上限回数:バトル中5回)
自身の体力・精神を上昇させる(効果特大)
自身を「挑発」状態(効果中/効果2ターン)にする
自身以外の味方生存者全体を「ステルス」状態(効果中/効果2ターン)にする

[攻撃命中時]
自身のBPを回復する(+2)"
終わらぬ戦い,"[バトル開始時]
敵全体に「残響(陽)(3回)」(効果1ターン)を付与する
敵全体に「傷痕(陽)(3回)」(効果1ターン)を付与する

[ターン開始時]
味方生存者全体に「能力波及Ⅰ・攻(陽)」(効果1ターン)を付与する

[タイプが「攻撃」である技・術を命中させた時(※)]
「天光縦烈風」が2回発動する
(術Rank1で発動)
※「アビリティ効果により発動する技・術」「特殊状態の効果により発動する技・術」「技・術の効果により発動する技・術」「溜め技・術」「溜め状態を付与する技・術」「カウンター効果による反撃技・術」は含まない

[ターン終了時]
自身のODゲージを満タンにする"
欠けた一部,"[攻撃時]
自身に「防御強化」(効果中/効果2ターン)を付与する
味方生存者全体に「防御強化」(効果中/効果2ターン)を付与する

[単体攻撃(※)を発動後]
「連続跳弾」が発動する
(技Rank1で発動)

[全体攻撃(※)を発動後]
「ライトバラージ」が発動する
(術Rank1で発動)

※「アビリティ効果により発動する技・術」「特殊状態の効果により発動する技・術」「技・術の効果により発動する技・術」「溜め技・術」「溜め状態を付与する技・術」「カウンター効果による反撃技・術」は含まない"
烙印の裁き(打・陽),"[ターン開始時]
敵全体に「狂乱の烙印(打・陽/攻撃強化)(3回)」(効果1ターン)を付与する
味方生存者全体の腕力・体力・器用さ・素早さ・知力・精神・愛・魅力を上昇させる(効果大)"
攻援の戦技Ⅵ＆練気Ⅱ・Ⅱ,"[バトル開始時]
味方生存者全体に「ヒートアップ」(効果極大)を付与する
自身に「ディフェンスアップ」(効果超極大)を付与する
自身のBPを回復する(+2)

[攻撃命中時]
自身のBPを回復する(+2)"
世界を想う魔物,"[バトル開始時]
自身に「エクストラフォース(打/中)」(効果バトル中永続)を付与する

[タイプが「攻撃」である技・術を命中させた時(※)]
「スフェーンストライク」が発動する
(技Rank1で発動)

[陽光連蹴(※)を発動後]
自身のBPを回復する(+5)

[緑光連破(※)を発動後]
「陽光連蹴」が発動する
(技Rank1で発動)

※「アビリティ効果により発動する技・術」「特殊状態の効果により発動する技・術」「技・術の効果により発動する技・術」「溜め技・術」「溜め状態を付与する技・術」「カウンター効果による反撃技・術」は含まない

[ターン終了時]
一定の確率(確率大)で、自身のBPを回復(+5)し、かつ、自身の「陽光連蹴」の使用回数制限を回復(+1/バトル開始時点の回数より多くならない)する"
打陽激化Ⅵ(腕力・素早さ),"[ターン開始時]
自身に「攻撃強化」(効果超極大/効果4ターン)を付与する
自身に「打属性攻撃強化」(効果特大/効果4ターン)を付与する
自身に「陽属性攻撃強化」(効果特大/効果4ターン)を付与する
自身の腕力・素早さを上昇させる(効果特大)"
体術の極み・真Ⅶ＆練気Ⅶ・Ⅳ,"[バトル開始時]
自身に「ウェポンエンハンス(体術)」(効果超極大)を付与する
自身に「ディフェンスアップ」(効果超極大)を付与する
自身のBPを回復する(+7)

[攻撃命中時]
自身のBPを回復する(+4)"
紺碧の魔術師,"攻撃時]
味方生存者全体に「熱・陽属性攻撃強化」(効果極大/効果2ターン)を付与する
味方生存者全体の腕力・器用さ・素早さ・知力を上昇させる(効果小)
味方生存者全体に「防御強化」(効果小/効果2ターン)を付与する

[タイプが「攻撃」である技・術を命中させた時(※)]
「ルミナスバースト」が発動する
(術Rank1で発動)
※「アビリティ効果により発動する技・術」「特殊状態の効果により発動する技・術」「技・術の効果により発動する技・術」「溜め技・術」「溜め状態を付与する技・術」「カウンター効果による反撃技・術」は含まない"
光の支流,"[攻撃時]
自身に「攻撃強化」(効果極大/効果2ターン)を付与する
自身の腕力・体力・器用さ・素早さ・知力・精神・愛・魅力を上昇させる(効果中)
自身に「ターン終了時HP回復」(効果極小/効果2ターン)を付与する"
杖の極み・真Ⅶ＆練気Ⅳ・Ⅱ,"[バトル開始時]
自身に「ウェポンエンハンス(杖)」(効果超極大)を付与する
自身に「ディフェンスアップ」(効果超極大)を付与する
自身のBPを回復する(+4)

[攻撃命中時]
自身のBPを回復する(+2)"
変化を望む妖魔,"[攻撃時]
味方生存者全体に「攻撃強化」(効果超極大/効果2ターン)を付与する
味方生存者全体に「Weak攻撃強化」(効果極大/効果2ターン)を付与する
味方生存者全体の腕力・体力・器用さ・素早さ・知力・精神・愛・魅力を上昇させる(効果特大)

[タイプが「攻撃」である技・術を命中させた時(※)]
「ウォーターツイスト」が発動する
(術Rank1で発動)
※「アビリティ効果により発動する技・術」「特殊状態の効果により発動する技・術」「技・術の効果により発動する技・術」「溜め技・術」「溜め状態を付与する技・術」「カウンター効果による反撃技・術」は含まない"
闘援の戦技Ⅴ・Ⅰ＆決意Ⅳ・Ⅳ,"[バトル開始時]
味方生存者全体に「最大BP増加」(増加量5/効果バトル中永続)を付与する
自身に「ディフェンスアップ」(効果超極大)を付与する
自身のBPを回復する(+4)

[ターン開始時]
味方生存者全体に「消費BP減少」(減少量1/効果2ターン)を付与する"
紅蓮の魔術師,"[攻撃時]
敵全体に「熱・陰属性防御弱化」(効果極大/効果2ターン)を付与する
敵全体の体力・精神を低下させる(効果中)
味方生存者全体に「防御強化」(効果小/効果2ターン)を付与する

[タイプが「攻撃」である技・術を命中させた時(※)]
「シャドウバースト」が発動する
(術Rank1で発動)
※「アビリティ効果により発動する技・術」「特殊状態の効果により発動する技・術」「技・術の効果により発動する技・術」「溜め技・術」「溜め状態を付与する技・術」「カウンター効果による反撃技・術」は含まない"
闇の支流,"[攻撃命中時]
以下の効果が発動する
・対象に「防御弱化」(効果極大/効果2ターン)を付与する
・対象の腕力・体力・器用さ・素早さ・知力・精神・愛・魅力を低下させる(効果特大)
・自身に「ターン終了時ODゲージ上昇(中)」(効果2ターン)を付与する"
時間なき空間,"[タイムアクセラレーション(※)を発動後]
自身に「刻の早まり(1回)」(効果ターン数制限なし)を付与する
自身に「後攻の構え(1回)」(効果ターン数制限なし)を付与する

[タイムディサレーション(※)を発動後]
自身に「刻の重なり(1回)」(効果ターン数制限なし)を付与する
自身に「先攻の構え(1回)」(効果ターン数制限なし)を付与する

※「アビリティ効果により発動する技・術」「特殊状態の効果により発動する技・術」「技・術の効果により発動する技・術」「溜め技・術」「溜め状態を付与する技・術」「カウンター効果による反撃技・術」は含まない"
エクストラエリア(陰),"[バトル開始時]
味方生存者全体に「エクストラフォース(Weak/極小)」(効果バトル中永続)を付与する

[ターン開始時]
味方生存者全体に「エレメントエンハンス(陰)」(効果超極大+)を付与する(上限回数:バトル中3回)
味方生存者全体に「攻撃強化」(効果超極大/効果2ターン)を付与する
味方生存者全体に「陰属性攻撃強化」(効果超極大/効果2ターン)を付与する
味方生存者全体に「防御強化」(効果極大/効果2ターン)を付与する
味方生存者全体の腕力・体力・器用さ・素早さ・知力・精神・愛・魅力を上昇させる(効果大)"
常夏の皇女,"[バトル開始時]
味方生存者全体に「ガードアップ(超極大)」(効果2ターン)を付与する

[攻撃時]
味方生存者全体の腕力・体力・器用さ・素早さ・知力・精神・愛・魅力を上昇させる(効果大)

[タイプが「攻撃」である技・術を命中させた時(※)]
「ブラックディメンション」が2回発動する
(術Rank1で発動)
※「アビリティ効果により発動する技・術」「特殊状態の効果により発動する技・術」「技・術の効果により発動する技・術」「溜め技・術」「溜め状態を付与する技・術」「カウンター効果による反撃技・術」は含まない"
攻援の戦技Ⅵ＆練気Ⅱ・Ⅲ,"[バトル開始時]
味方生存者全体に「ヒートアップ」(効果極大)を付与する
自身に「ディフェンスアップ」(効果超極大)を付与する
自身のBPを回復する(+2)

[攻撃命中時]
自身のBPを回復する(+3)"
もっとピコッとおかわり,"[ターン開始時]
自身を「ピコッとおかわり」(効果バトル中永続)を付与する(上限回数:バトル中10回)"
ディフェンスフィールド,"[ターン開始時]
自身のBPを回復する(+2)
味方生存者全体に「防御強化」(効果中/効果1ターン)を付与する
味方生存者全体に「ディフェンスアップ」(効果小)を付与する(上限回数:バトル中3回)"
棍棒の天稟Ⅵ,"棍棒装備時、攻撃の与ダメージが上昇する(効果超極大)
Resist攻撃を受けた時、被ダメージを軽減する(効果極大)
Resist攻撃を受けた時、敵の攻撃を回避する(確率大)"
浜辺の盗賊,"[バトル開始時]
自身に「浜辺の財宝(1回)」(効果1ターン)を付与する
味方生存者全体に「常夏のパワー(1回)」(効果ターン数制限なし)を付与する
味方生存者全体に「エクストラフォース(Weak/小)」(効果1ターン)を付与する

[ターン開始時]
味方生存者全体に「防御強化」(効果特大/効果2ターン)を付与する

タイプが「攻撃」である技・術を命中させた時(※)
「炎舞短勁」が発動する
(技Rank1で発動)
※「アビリティ効果により発動する技・術」「特殊状態の効果により発動する技・術」「技・術の効果により発動する技・術」「溜め技・術」「溜め状態を付与する技・術」「カウンター効果による反撃技・術」は含まない

[ターン終了時]
一定の確率で(確率特大)で、自身に「浜辺の財宝リサーチ(1回)」(効果ターン数制限なし)を付与する"
エレメントライジング(打・熱),"[ターン開始時]
味方生存者全体に「デュアルエンハンス(打・熱)」(効果極大)を付与する(1ターン)(上限回数:バトル中3回)
味方生存者全体に「打・熱属性攻撃強化」(効果大/効果1ターン)を付与する
味方生存者全体に「打・熱属性攻撃時BP回復(+3)(1回)」(効果1ターン)を付与する
味方生存者全体の腕力・体力・器用さ・素早さ・知力・精神・愛・魅力を上昇させる(効果大)"
闘援の戦技Ⅴ・Ⅰ＆練気Ⅳ・Ⅱ,"[バトル開始時]
味方生存者全体に「最大BP増加」(増加量5/効果バトル中永続)を付与する
自身に「ディフェンスアップ」(効果超極大)を付与する
自身のBPを回復する(+4)

[ターン開始時]
味方生存者全体に「消費BP減少」(減少量1/効果2ターン)を付与する

[攻撃命中時]
自身のBPを回復する(+2)"
暑さには負けない,"[アブソリュートゼロ＋(※)を発動後]
自身に「破壊の氷風(5回)」(効果ターン数制限なし)を付与する(上限回数:バトル中1回)

さらに
＜バトル開始から数えて2ターン目以降の場合＞
自身に「連鎖吹雪」(効果バトル中永続)を付与する(上限回数:バトル中1回)

＜バトル開始から数えて3ターン目以降の場合＞
自身に「烙印の裁き(冷)(5回)」(効果ターン数制限なし)を付与する(上限回数:バトル中1回)

＜バトル開始から数えて4ターン目以降の場合＞
自身に「能力促進Ⅶ(全)(5回)」(効果ターン数制限なし)を付与する(上限回数:バトル中1回)

＜バトル開始から数えて5ターン目以降の場合＞
自身に「常夏の氷牢(5回)」(効果ターン数制限なし)を付与する(上限回数:バトル中1回)
※「アビリティ効果により発動する技・術」「特殊状態の効果により発動する技・術」「技・術の効果により発動する技・術」「溜め技・術」「カウンター効果による反撃技・術」は含まない"
最高の甘さ,"[バトル開始時]
自身に「旨味ギャンブル」(効果1ターン)を付与する
自身に「エクストラフォース(斬/大)」(効果1ターン)を付与する
自身に「エクストラフォース(技/大)」(効果1ターン)を付与する
自身に「最大BP増加」(増加量10/効果バトル中永続)を付与する
自身のBPを回復する(+10)

[ターン開始時]
自身に「旨味パシュート」(効果2ターン)を付与する
自身に「エクストラフォース(斬/中)」(効果1ターン)を付与する

[味方生存者が攻撃を受けた時(※)]
自身の腕力を上昇させる(効果超極大)
自身に「攻撃強化」(効果超極大/効果2ターン)を付与する
※発動回数は攻撃を受けた人数によらない"
フォーカスボルテージ,"[ターン開始時]
以下の効果が発動する(上限回数:バトル中3回)
・自身に「ヒートアップ」(効果超極大)を付与する
・自身に「エリアエンハンス(単体攻撃)」(効果超極大)を付与する"
斧の天稟・真Ⅵ＆練気Ⅹ・Ⅱ,"Resist攻撃を受けた時、被ダメージを軽減する(効果超極大)
Resist攻撃を受けた時、敵の攻撃を回避する(確率大)

[バトル開始時]
自身に「ウェポンエンハンス(斧)」(効果極大)を付与する
自身のBPを回復する(+10)

[攻撃命中時]
自身のBPを回復する(+2)"
命懸けのビーチボール,"[バトル開始時]
自身に「消費BP減少」(減少量5/効果バトル中永続)を付与する
自身に「エクストラフォース(斬/中)」(効果バトル中永続)を付与する

[攻撃命中時]
自身に「攻撃強化」(効果超極大/効果2ターン)を付与する

[タイプが「攻撃」である技・術を命中させた時(※)]
「ビーチスラッシュ」が2回発動する
(技Rank1で発動)
※「アビリティ効果により発動する技・術」「特殊状態の効果により発動する技・術」「技・術の効果により発動する技・術」「溜め技・術」「溜め状態を付与する技・術」「カウンター効果による反撃技・術」は含まない

[ターン終了時]
自身に「消費BP減少」(減少量1/効果バトル中永続)を付与する(上限回数:バトル中10回)"
斬突激化Ⅵ(腕力・体力),"[ターン開始時]
自身に「攻撃強化」(効果超極大/効果4ターン)を付与する
自身に「斬属性攻撃強化」(効果特大/効果4ターン)を付与する
自身に「突属性攻撃強化」(効果特大/効果4ターン)を付与する
自身の腕力・体力を上昇させる(効果特大)"
剣の極み・真Ⅶ＆練気Ⅱ・Ⅱ,"[バトル開始時]
自身に「ウェポンエンハンス(剣)」(効果超極大)を付与する
自身に「ディフェンスアップ」(効果超極大)を付与する
自身のBPを回復する(+2)

[攻撃命中時]
自身のBPを回復する(+2)"
常夏のヴィジランツ,"[攻撃命中時]
自身に「突属性攻撃強化」(効果大/効果2ターン)を付与する
自身に「冷属性攻撃強化」(効果大/効果2ターン)を付与する
自身の腕力・魅力を上昇させる(効果大)
味方生存者全体に「防御強化」(効果小/効果2ターン)を付与する

[タイプが「攻撃」である技・術を命中させた時(※)]
「ピアッシングスプラッシュ」が発動する
(技Rank1で発動)
※「アビリティ効果により発動する技・術」「特殊状態の効果により発動する技・術」「技・術の効果により発動する技・術」「溜め技・術」「溜め状態を付与する技・術」「カウンター効果による反撃技・術」は含まない"
エレメントフィールド(突・冷),"[ターン開始時]
味方生存者全体に「デュアルエンハンス(突・冷)」(効果極大)を付与する(上限回数:バトル中5回)
味方生存者全体の腕力・体力・器用さ・素早さ・知力・精神・愛・魅力を上昇させる(効果大)"
槍の極み・真Ⅶ＆練気Ⅴ・Ⅲ,"[バトル開始時]
自身に「ウェポンエンハンス(槍)」(効果超極大)を付与する
自身に「ディフェンスアップ」(効果超極大)を付与する
自身のBPを回復する(+5)

[攻撃命中時]
自身のBPを回復する(+3)"
水浴び大好き,"[バトル開始時]
自身に「攻断の守護Ⅴ(体力・精神)」(効果バトル中永続)を付与する
自身以外の味方生存者全体に「信仰」(効果1ターン)を付与する
自身以外の味方生存者全体に「崇拝」(効果1ターン)を付与する
味方生存者全体に「エクストラフォース(Weak/極小)」(効果バトル中永続)を付与する
味方生存者全体に「ディフェンスアップ」(効果超極大)を付与する

[タイプが「攻撃」である技・術を命中させた時(※)]
「白狼七閃」が発動する
(技Rank1で発動)
※「アビリティ効果により発動する技・術」「特殊状態の効果により発動する技・術」「技・術の効果により発動する技・術」「溜め技・術」「溜め状態を付与する技・術」「カウンター効果による反撃技・術」は含まない"
攻援の戦技Ⅵ＆練気Ⅹ・Ⅳ,"[バトル開始時]
味方生存者全体に「ヒートアップ」(効果極大)を付与する
自身に「ディフェンスアップ」(効果超極大)を付与する
自身のBPを回復する(+10)

[攻撃命中時]
自身のBPを回復する(+4)"
お留守番する破壊竜,"[ターン開始時]
自身に「行動順補正上昇」(効果超極大/効果1ターン)を付与する
味方生存者全体に「攻撃強化」(効果超極大+/効果2ターン)を付与する
味方生存者全体に「防御強化」(効果極大/効果2ターン)を付与する
ただし、自身に「攻撃弱化」(効果大/効果1ターン)を付与する

[攻撃命中時]
自身の腕力・体力・器用さ・素早さ・知力・精神・愛・魅力を上昇させる(効果極大)

[タイプが「攻撃」である技・術を命中させた時(※)]
「ガムシャラ突進」が発動する
(技Rank1で発動)

[コッペパンエール(※)を発動後]
対象に「ヒートアップ」(効果超極大+)を付与する
対象に「デュアルエンハンス(打・突)」(効果超極大+)を付与する
対象の腕力・器用さ・素早さ・知力を上昇させる(効果超極大)

※「アビリティ効果により発動する技・術」「特殊状態の効果により発動する技・術」「技・術の効果により発動する技・術」「溜め技・術」「溜め状態を付与する技・術」「カウンター効果による反撃技・術」は含まない"
打突激化Ⅵ(腕力・素早さ),"[ターン開始時]
自身に「攻撃強化」(効果超極大/効果4ターン)を付与する
自身に「打属性攻撃強化」(効果特大/効果4ターン)を付与する
自身に「突属性攻撃強化」(効果特大/効果4ターン)を付与する
自身の腕力・素早さを上昇させる(効果特大)"
攻援の戦技Ⅵ＆練気Ⅰ,"[バトル開始時]
味方生存者全体に「ヒートアップ」(効果極大)を付与する
自身に「ディフェンスアップ」(効果超極大)を付与する

[攻撃命中時]
自身のBPを回復する(+1)"
眠れる少女,"[バトル開始時]
自身に「エクストラフォース(打/小)」(効果バトル中永続)を付与する
自身に「エクストラフォース(突/小)」(効果バトル中永続)を付与する
味方生存者全体に「ヒートアップ」(効果超極大)を付与する
味方生存者全体に「ディフェンスアップ」(効果超極大+)を付与する

[ターン開始時]
味方生存者全体に「攻撃強化」(効果超極大+/効果2ターン)を付与する
味方生存者全体のHPを回復する(効果極小)
味方生存者全体のBPを回復する(+1)
敵全体に「エンチャントマーカー(10回)」(効果1ターン)を付与する"
ターミンパシュート,"[ローリングスター(※)を発動後]
「八転乱撃」と「ピンクダブルスピン」が発動する
(それぞれ技Rank1で発動)

[ブンブンインパクト(※)を発動後]
「ターミンズエイト」と「星天落撃」が発動する
(それぞれ技Rank1で発動)

[星天廻印斧(※)を発動後]
「八転乱撃」と「ターミンズエイト」が発動する
(それぞれ技Rank1で発動)

※「アビリティ効果により発動する技・術」「特殊状態の効果により発動する技・術」「技・術の効果により発動する技・術」「溜め技・術」「溜め状態を付与する技・術」「カウンター効果による反撃技・術」は含まない"
共鳴覚醒Ⅰ(全)＆決意Ⅶ・ⅩⅩ,"味方生存者全体の全ての攻撃がCriticalになる

[バトル開始時]
味方生存者全体に「エクストラフォース(Critical/極小)」(効果バトル中永続)を付与する
味方生存者全体に「ヒートアップ」(効果超極大)を付与する
自身に「ディフェンスアップ」(効果超極大)を付与する
自身のBPを回復する(+7)

[ターン終了時]
自身のBPを回復する(+20)"
鉄壁の軍師,"[バトル開始時]
自身に「陽炎の鼓動」(効果バトル中永続)を付与する

[タイプが「攻撃」である技・術を命中させた時(※)]
「クリムゾンブレイズ」が2回発動する
(術Rank1で発動)

[炎の壁(※)を発動後]
自身のBPを回復する(+10)
味方生存者全体に「熱属性被弾時BP回復(+1)」(効果4ターン)を付与する
味方生存者全体に「冷属性被弾時BP回復(+1)」(効果4ターン)を付与する
味方生存者全体に「熱属性被弾時HP回復(極小)」(効果4ターン)を付与する
味方生存者全体に「冷属性被弾時HP回復(極小)」(効果4ターン)を付与する

※「アビリティ効果により発動する技・術」「特殊状態の効果により発動する技・術」「技・術の効果により発動する技・術」「溜め技・術」「溜め状態を付与する技・術」「カウンター効果による反撃技・術」は含まない"
攻援の戦技Ⅵ＆練気Ⅹ・Ⅱ,"[バトル開始時]
味方生存者全体に「ヒートアップ」(効果極大)を付与する
自身に「ディフェンスアップ」(効果超極大)を付与する
自身のBPを回復する(+10)

[攻撃命中時]
自身のBPを回復する(+2)"
謎と危険は隣り合わせ,"[バトル開始時]
自身に「魔術師の心得」(効果バトル中永続)を付与する
味方生存者全体に「ガードアップ(特大)」(効果2ターン)を付与する

[ターン開始時]
自身以外の味方生存者全体に「パワーエンチャント(熱)(1回)」(効果3ターン)を付与する

[タイプが「攻撃」である技・術を命中させた時(※)]
「暴れフレイムボール」が発動する
(術Rank1で発動)
※「アビリティ効果により発動する技・術」「特殊状態の効果により発動する技・術」「技・術の効果により発動する技・術」「溜め技・術」「溜め状態を付与する技・術」「カウンター効果による反撃技・術」は含まない"
パワーエンチャント(熱),"[熱属性を含む攻撃時]
自身の腕力・体力・器用さ・素早さ・知力・精神・愛・魅力を上昇させる(効果大)
自身に「攻撃強化」(効果超極大+/効果4ターン)を付与する
自身に「ターン終了時ODゲージ上昇(中)」(効果2ターン)を付与する
自身のすべての状態異常耐性を上昇させる(効果超極大)"
闘援の戦技Ⅴ・Ⅰ＆決意Ⅱ・Ⅰ,"[バトル開始時]
味方生存者全体に「最大BP増加」(増加量5/効果バトル中永続)を付与する
自身に「ディフェンスアップ」(効果超極大)を付与する
自身のBPを回復する(+2)

[ターン開始時]
味方生存者全体に「消費BP減少」(減少量1/効果2ターン)を付与する

[ターン終了時]
自身のBPを回復する(+1)"
聡明なドラゴン,"[攻撃命中時]
味方生存者全体に「攻撃強化」(効果超極大/効果1ターン)を付与する
味方生存者全体に「防御強化」(効果中/効果1ターン)を付与する
味方生存者全体の腕力・体力・器用さ・素早さ・知力・精神・愛・魅力を上昇させる(効果中)

[タイプが「攻撃」である技・術を命中させた時(※)]
「炎柱氷連弾」が発動する
(技Rank1で発動)
※「アビリティ効果により発動する技・術」「特殊状態の効果により発動する技・術」「技・術の効果により発動する技・術」「溜め技・術」「溜め状態を付与する技・術」「カウンター効果による反撃技・術」は含まない"
ドラゴンチェイン,"[攻撃命中時]
自身に「攻撃強化」(効果超極大/効果2ターン)を付与する
自身の腕力・素早さを上昇させる(効果中)

[単体攻撃(※)を発動後]
「マドルラッシュ」が発動する
(技Rank1で発動)

[全体攻撃(※)を発動後]
「ブレイズブリザード」が発動する
(技Rank1で発動)

※「アビリティ効果により発動する技・術」「特殊状態の効果により発動する技・術」「技・術の効果により発動する技・術」「溜め技・術」「溜め状態を付与する技・術」「カウンター効果による反撃技・術」は含まない"
体術の極み・真Ⅶ＆練気Ⅴ・Ⅲ,"[バトル開始時]
自身に「ウェポンエンハンス(体術)」(効果超極大)を付与する
自身に「ディフェンスアップ」(効果超極大)を付与する
自身のBPを回復する(+5)

[攻撃命中時]
自身のBPを回復する(+3)"
隠されし切り札,"[バトル開始時]
味方生存者全体に「熱冷の波紋(1回)」(効果ターン数制限なし)を付与する
味方生存者全体に「熱冷のユニオン」(効果1ターン)を付与する
自身に「熱冷の共鳴(1回)」(効果2ターン)を付与する

[ターン開始時]
味方生存者全体に「デュアルエンハンス(熱・冷)」(効果超極大+)を付与する(上限回数:バトル中5回)
味方生存者全体に「熱・冷属性攻撃強化」(効果超極大+/効果2ターン)を付与する
味方生存者全体に「防御強化」(効果極大/効果2ターン)を付与する
自身に「行動順補正上昇」(効果極大/効果2ターン)を付与する"
熱冷を操る術師,"[タイプが「攻撃」である技・術を命中させた時(※)]
「マドルプロ－ジョン」が2回発動する
(術Rank1で発動)

[エキュームフィアマまたは炎水共鳴を発動後(※)]
味方生存者全体に「ダメージブロック(1回)」(効果1ターン)を付与する

※「アビリティ効果により発動する技・術」「特殊状態の効果により発動する技・術」「技・術の効果により発動する技・術」「溜め技・術」「溜め状態を付与する技・術」「カウンター効果による反撃技・術」は含まない"
熱冷覚醒Ⅱ＆練気Ⅳ・Ⅲ,"[バトル開始時]
味方生存者全体に「心眼(熱・冷)(1回)」(効果ターン数制限なし)を付与する
味方生存者全体に「エクストラフォース(Critical/小)」(効果バトル中永続)を付与する
味方生存者全体に「デュアルエンハンス(熱・冷)」(効果超極大)を付与する
自身に「ディフェンスアップ」(効果超極大)を付与する
自身のBPを回復する(+4)

[攻撃命中時]
自身のBPを回復する(+3)"
オイタナジーダンス,"[タイプが「攻撃」である技・術を命中させた時(※)]
「オイタナジー＋」が発動する
(術Rank1で発動)
※「アビリティ効果により発動する技・術」「特殊状態の効果により発動する技・術」「技・術の効果により発動する技・術」「溜め技・術」「溜め状態を付与する技・術」「カウンター効果による反撃技・術」は含まない

[オイタナジーを命中させた時]
敵全体の腕力・器用さ・素早さ・知力を低下させる(効果中)"
あざとさなら負けない,"[バトル開始時]
自身以外の味方生存者全体に「序曲」(効果1ターン)を付与する
自身以外の味方生存者全体に「終曲」(効果1ターン)を付与する
自身に「行動順補正上昇」(効果超極大+/効果バトル中永続)を付与する
味方生存者全体に「ディフェンスアップ」(効果超極大)を付与する
味方生存者全体に「エレメントエンハンス(陰)」(効果超極大+)を付与する
味方生存者全体に「ヒートアップ」(効果超極大+)を付与する
味方生存者全体に「陰属性攻撃強化」(効果超極大+/効果4ターン)を付与する
味方生存者全体のODゲージを満タンにする

[タイプが「攻撃」である技・術を命中させた時(※)]
「闇連球」が発動する
(術Rank1で発動)
※「アビリティ効果により発動する技・術」「特殊状態の効果により発動する技・術」「技・術の効果により発動する技・術」「溜め技・術」「溜め状態を付与する技・術」「カウンター効果による反撃技・術」は含まない"
闇の領域,"[ターン開始時]
味方生存者全体に「エレメントエンハンス(陰)」(効果超極大+)を付与する(上限回数:バトル中2回)
味方生存者全体に「陰属性攻撃強化」(効果超極大/効果2ターン)を付与する
味方生存者全体の腕力・体力・器用さ・素早さ・知力・精神・愛・魅力を上昇させる(効果極大)"
攻援の戦技Ⅶ＆練気Ⅲ・Ⅲ,"[バトル開始時]
味方生存者全体に「ヒートアップ」(効果超極大)を付与する
自身に「ディフェンスアップ」(効果超極大)を付与する
自身のBPを回復する(+3)

[攻撃命中時]
自身のBPを回復する(+3)"
夢を与える者,"[ターン開始時]
味方生存者全体に「斬・熱属性攻撃強化」(効果超極大+/効果2ターン)を付与する
味方生存者全体に「防御強化」(効果極大/効果2ターン)を付与する
味方生存者全体の腕力・体力・器用さ・素早さ・知力・精神・愛・魅力を上昇させる(効果大)

[歌劇マサムネ(※)を発動後]
味方生存者全体に「稀代の旋律(1回)」(効果ターン数制限なし)を付与する
自身のBPを回復する(+10)
※「アビリティ効果により発動する技・術」「特殊状態の効果により発動する技・術」「技・術の効果により発動する技・術」「溜め技・術」「溜め状態を付与する技・術」「カウンター効果による反撃技・術」は含まない"
エレメントボルテージ(斬・熱),"[ターン開始時]
以下の効果が発動する(上限回数:バトル中3回)
・自身に「エレメントエンハンス(斬)」(効果超極大)を付与する
・自身に「エレメントエンハンス(熱)」(効果超極大)を付与する"
闘いの天稟・真Ⅶ＆練気Ⅵ・Ⅲ,"攻撃の与ダメージが上昇する(効果超極大)
Resist攻撃を受けた時、被ダメージを軽減する(効果超極大)
Resist攻撃を受けた時、敵の攻撃を回避する(確率大)

[バトル開始時]
自身のBPを回復する(+6)

[攻撃命中時]
自身のBPを回復する(+3)"
なんでもアリのロック,"[攻撃命中時]
味方生存者全体に「防御強化」(効果中/効果2ターン)を付与する
味方生存者全体の腕力・体力・器用さ・素早さ・知力・精神・愛・魅力を上昇させる(効果大)

[タイプが「攻撃」である技・術を命中させた時(※)]
「三撃乱剣＋」が発動する
(技Rank1で発動)
※「アビリティ効果により発動する技・術」「特殊状態の効果により発動する技・術」「技・術の効果により発動する技・術」「溜め技・術」「溜め状態を付与する技・術」「カウンター効果による反撃技・術」は含まない"
斬突激化Ⅵ(腕力・知力),"[ターン開始時]
自身に「攻撃強化」(効果超極大/効果4ターン)を付与する
自身に「斬属性攻撃強化」(効果特大/効果4ターン)を付与する
自身に「突属性攻撃強化」(効果特大/効果4ターン)を付与する
自身の腕力・知力を上昇させる(効果特大)"
闘いの天稟・真Ⅶ＆練気Ⅴ・Ⅴ,"攻撃の与ダメージが上昇する(効果超極大)
Resist攻撃を受けた時、被ダメージを軽減する(効果超極大)
Resist攻撃を受けた時、敵の攻撃を回避する(確率大)

[バトル開始時]
自身のBPを回復する(+5)

[攻撃命中時]
自身のBPを回復する(+5)"
リズムに合わせて,"[バトル開始時]
自身に「エクストラフォース(全体・範囲/中)」(効果バトル中永続)を付与する

[ターン開始時]
味方生存者全体に「能力弱体Ⅳ(打・突/全能力)」(効果1ターン)を付与する

[攻撃命中時]
味方生存者全体に「防御強化」(効果中/効果2ターン)を付与する
味方生存者全体の腕力・体力・器用さ・素早さ・知力・精神・愛・魅力を上昇させる(効果大)

[テンペストソーン(※)を発動後]
「テンペストソーン」が2回発動する
(術Rank1で発動)

[ホライゾンショット(※)を発動後]
「ホライゾンショット」が2回発動する
(技Rank1で発動)

[バーストブレイカー(※)を発動後]
自身のBPを回復させる(+5)
「バーストブレイカー」が発動する
(技Rank1で発動)

※「アビリティ効果により発動する技・術」「特殊状態の効果により発動する技・術」「技・術の効果により発動する技・術」「溜め技・術」「溜め状態を付与する技・術」「カウンター効果による反撃技・術」は含まない"
アナイアレートフィールド,"[ターン開始時]
味方生存者全体に「攻撃強化」(効果大/効果1ターン)を付与する

さらに、以下の効果が発動する(上限回数:バトル中3回)
・味方生存者全体に「エリアエンハンス(全体攻撃)」(効果超極大+)を付与する
・味方生存者全体に「エリアエンハンス(縦攻撃)」(効果超極大+)を付与する
・味方生存者全体に「エリアエンハンス(横攻撃)」(効果超極大+)を付与する"
闘いの極み・真Ⅷ＆練気Ⅴ・Ⅳ,"攻撃の与ダメージが上昇する(効果超極大+)
かつ、攻撃を受けた時、被ダメージを軽減する(効果超極大)

[バトル開始時]
自身のBPを回復する(+5)

[攻撃命中時]
自身のBPを回復する(+4)"
俺は突っ走る,"[バトル開始時]
自身に「エクストラフォース(冷/中)」(効果バトル中永続)を付与する
自身に「エクストラフォース(雷/中)」(効果バトル中永続)を付与する
自身のODゲージを満タンにする

[プラズマレーザー(※)を発動後]
自身のBPを回復する(+4)
自身の「サイコビート」の使用回数制限を回復する(+1/バトル開始時点の回数より多くならない)

[OD攻撃(※)を発動後]
「バブルサンダーコンボ」が発動する
(術Rank1で発動)

※「アビリティ効果により発動する技・術」「特殊状態の効果により発動する技・術」「技・術の効果により発動する技・術」「溜め技・術」「溜め状態を付与する技・術」「カウンター効果による反撃技・術」は含まない

[ターン終了時]
自身のODゲージを上昇させる(効果極大)
一定の確率(確率特大)で、自身の「プラズマレーザー」の使用回数制限を回復する(+1/バトル開始時点の回数より多くならない)"
冷雷激化Ⅵ(体力・知力),"[ターン開始時]
自身に「攻撃強化」(効果超極大/効果4ターン)を付与する
自身に「冷属性攻撃強化」(効果特大/効果4ターン)を付与する
自身に「雷属性攻撃強化」(効果特大/効果4ターン)を付与する
自身の体力・知力を上昇させる(効果特大)"
闘いの極み・真Ⅷ＆練気Ⅶ・Ⅴ,"攻撃の与ダメージが上昇する(効果超極大+)
かつ、攻撃を受けた時、被ダメージを軽減する(効果超極大)

[バトル開始時]
自身のBPを回復する(+7)

[攻撃命中時]
自身のBPを回復する(+5)"
私の為の曲,"[バトル開始時]
味方生存者全体のODゲージを満タンにする
味方生存者全体に「ウェポンリンクⅤ(棍棒)」(効果バトル中永続)を付与する
味方生存者全体に「エクストラフォース(棍棒/小)」(効果バトル中永続)を付与する
味方生存者全体に「オーバーエンハンス」(効果超極大)を付与する
自身に「クラブリンク」(効果1ターン)を付与する

[ターン開始時]
自身に「防御強化」(効果中/効果2ターン)を付与する
自身のHPを回復する(効果小)

[直接攻撃を受けた時]
被ダメージを軽減し「領域業火」でカウンター攻撃する
(術Rank1で発動)"
ウェポンフィールドⅥ(棍棒),"[ターン開始時]
味方生存者全体に「ウェポンエンハンス(棍棒)」(効果超極大)を付与する(上限回数:バトル中5回)
味方生存者全体の腕力・体力・器用さ・素早さ・知力・精神・愛・魅力を上昇させる(効果大)"
鉄壁の戦技Ⅶ＆練気Ⅱ・Ⅲ,"[バトル開始時]
自身に「ディフェンスアップ」(効果超極大)を付与する
自身のBPを回復する(+2)

[ターン開始時]
自身に「ディフェンスアップ」(効果大)を付与する(上限回数:バトル中5回)
自身の体力・精神を上昇させる(効果特大)
自身を「挑発」状態(効果中/効果2ターン)にする
自身以外の味方生存者全体を「ステルス」状態(効果中/効果2ターン)にする

[攻撃命中時]
自身のBPを回復する(+3)"
印不亞威斗,"直接攻撃の与ダメージが上昇する(効果超極大+)

[バトル開始時]
味方生存者全体に「ディフェンスアップ」(効果超極大)を付与する

[直接攻撃時]
自身の腕力を上昇させる(効果大)

[タイプが「攻撃」である技・術を命中させた時(※)]
「光砕連撃」が発動する
(技Rank1で発動)
※「アビリティ効果により発動する技・術」「特殊状態の効果により発動する技・術」「技・術の効果により発動する技・術」「溜め技・術」「溜め状態を付与する技・術」「カウンター効果による反撃技・術」は含まない

[ターン終了時]
自身のODゲージを上昇させる(効果極大)"
ゼロレンジフィールド,"味方全体に以下の効果が発動する
・直接攻撃の与ダメージが上昇する(効果超極大+)
・間接攻撃を受けた時、被ダメージを軽減する(効果超極大)

[ターン開始時]
味方生存者全体に「直接攻撃強化」(効果超極大+/効果5ターン)を付与する
味方生存者全体の腕力・器用さ・素早さ・精神を上昇させる(効果極大)"
棍棒の極み・真Ⅶ＆練気Ⅹ・Ⅲ,"[バトル開始時]
自身に「ウェポンエンハンス(棍棒)」(効果超極大)を付与する
自身に「ディフェンスアップ」(効果超極大)を付与する
自身のBPを回復する(+10)

[攻撃命中時]
自身のBPを回復する(+3)"
怒りの連打,"[バトル開始時]
敵全体に「令嬢の威圧(1回)」(効果ターン数制限なし)を付与する
自身に「エクストラフォース(打/中)」(効果バトル中永続)を付与する

[ターン開始時]
自身の腕力を上昇させる(効果極大)

[フライパンプレス(※)を発動後]
味方生存者全体に「防御強化」(効果中/効果2ターン)を付与する

[バトル開始から数えて2ターン目以降に、タイプが「攻撃」である技・術を命中させた時(※)]
「こんがりソテー」が発動する
(技Rank1で発動)

※「アビリティ効果により発動する技・術」「特殊状態の効果により発動する技・術」「技・術の効果により発動する技・術」「溜め技・術」「溜め状態を付与する技・術」「カウンター効果による反撃技・術」は含まない

[ターン終了時]
一定の確率(確率特大)で、自身のBPを回復(+10)し、かつ、自身の「フライパンプレス」の使用回数制限を回復(+1/バトル開始時点の回数より多くならない)する"
アナライズフィールド,"[ターン開始時]
味方生存者全体に「攻撃強化」(効果大/効果1ターン)を付与する

さらに、以下の効果が発動する(上限回数:バトル中5回)
・味方生存者全体に「エリアエンハンス(全体攻撃)」(効果極大)を付与する
・味方生存者全体に「エリアエンハンス(縦攻撃)」(効果極大)を付与する
・味方生存者全体に「エリアエンハンス(横攻撃)」(効果極大)を付与する"
棍棒の極み・真Ⅶ＆決意Ⅹ・Ⅳ,"[バトル開始時]
自身に「ウェポンエンハンス(棍棒)」(効果超極大)を付与する
自身に「ディフェンスアップ」(効果超極大)を付与する
自身のBPを回復する(+10)

[ターン終了時]
自身のBPを回復する(+4)"
招かれざる招待客,"[攻撃時]
味方生存者全体に「攻撃強化」(効果中/効果1ターン)を付与する
味方生存者全体に「Weak攻撃強化」(効果中/効果1ターン)を付与する
味方生存者全体に「防御強化」(効果小/効果2ターン)を付与する
味方生存者全体の愛・魅力を上昇させる(効果特大)

[タイプが「攻撃」である技・術を命中させた時(※)]
「ダブルアクスラッシュ」が発動する
(技Rank1で発動)
※「アビリティ効果により発動する技・術」「特殊状態の効果により発動する技・術」「技・術の効果により発動する技・術」「溜め技・術」「溜め状態を付与する技・術」「カウンター効果による反撃技・術」は含まない"
斬打激化Ⅵ(腕力・愛),"[ターン開始時]
自身に「攻撃強化」(効果超極大/効果4ターン)を付与する
自身に「斬属性攻撃強化」(効果特大/効果4ターン)を付与する
自身に「打属性攻撃強化」(効果特大/効果4ターン)を付与する
自身の腕力・愛を上昇させる(効果特大)"
斧の極み・真Ⅶ＆練気Ⅵ・Ⅲ,"[バトル開始時]
自身に「ウェポンエンハンス(斧)」(効果超極大)を付与する
自身に「ディフェンスアップ」(効果超極大)を付与する
自身のBPを回復する(+6)

[攻撃命中時]
自身のBPを回復する(+3)"
希望の象徴,"[バトル開始時]
味方生存者全体に「ディフェンスアップ」(効果極大)を付与する

[ターン開始時]
自身に「ダメージブロック(1回)」(効果1ターン)を付与する

[味方が攻撃を受ける時]
味方への攻撃を身代わりで受ける(確率特大)

[技による攻撃を受けた時]
敵全体の腕力を低下させる(効果特大)

[術による攻撃を受けた時]
敵全体の知力を低下させる(効果特大)

[直接攻撃を受けた時]
敵全体の素早さを低下させる(効果特大)

[間接攻撃を受けた時]
敵全体の器用さを低下させる(効果特大)

[天翔白銀撃(※)を発動後]
「銀鱗躍動」が発動する
(技Rank1で発動)
※「アビリティ効果により発動する技・術」「特殊状態の効果により発動する技・術」「技・術の効果により発動する技・術」「溜め技・術」「溜め状態を付与する技・術」「カウンター効果による反撃技・術」は含まない"
斬陽激化Ⅵ(腕力・体力),"[ターン開始時]
自身に「攻撃強化」(効果超極大/効果4ターン)を付与する
自身に「斬属性攻撃強化」(効果特大/効果4ターン)を付与する
自身に「陽属性攻撃強化」(効果特大/効果4ターン)を付与する
自身の腕力・体力を上昇させる(効果特大)"
攻援の戦技Ⅵ＆練気Ⅶ・Ⅱ,"[バトル開始時]
味方生存者全体に「ヒートアップ」(効果極大)を付与する
自身に「ディフェンスアップ」(効果超極大)を付与する
自身のBPを回復する(+7)

[攻撃命中時]
自身のBPを回復する(+2)"
救出を誓う剣,"[バトル開始時]
自身以外の味方生存者全体に「ブリザードチャージ」(効果バトル中永続)を付与する

[ターン開始時]
敵全体に「氷結の刻印(10回)」(効果1ターン)を付与する
自身に「斬属性攻撃強化」(効果極大/効果2ターン)を付与する
自身に「冷属性攻撃強化」(効果極大/効果2ターン)を付与する
自身の腕力を上昇させる(効果特大)

[Weak攻撃(※)を命中させた時]
「氷牙連刃」が発動する
(技Rank1で発動)
※「アビリティ効果により発動する技・術」「特殊状態の効果により発動する技・術」「技・術の効果により発動する技・術」「溜め技・術」「溜め状態を付与する技・術」「カウンター効果による反撃技・術」は含まない"
ブリザードチャージ,"[冷属性を含む攻撃時]
味方生存者全体の腕力・体力・器用さ・素早さ・知力・精神・愛・魅力を上昇させる(効果小)
味方生存者全体に「攻撃強化」(効果中/効果2ターン)を付与する
味方生存者全体に「防御強化」(効果小/効果1ターン)を付与する"
不穏な気配,"[バトル開始時]
自身に「エクストラフォース(熱/小)」(効果バトル中永続)を付与する
味方生存者全体に「情熱の共鳴」(効果1ターン)を付与する

[ターン開始時]
味方生存者全体に「攻撃強化」(効果超極大+/効果2ターン)を付与する
味方生存者全体に「防御強化」(効果特大/効果2ターン)を付与する
味方生存者全体の腕力・器用さ・素早さ・知力を上昇させる(効果特大)
味方生存者全体に「共鳴激化(1回)」(効果1ターン)を付与する
味方生存者全体に「遅延激化(1回)」(効果1ターン)を付与する"
不動の照準,"[単体攻撃(※)を発動後]
「炎纏の飛弓」が2回発動する
(技Rank1で発動)

[全体攻撃(※)を発動後]
「紅蓮矢雨」が発動する
(技Rank1で発動)

※「アビリティ効果により発動する技・術」「特殊状態の効果により発動する技・術」「技・術の効果により発動する技・術」「溜め技・術」「溜め状態を付与する技・術」「カウンター効果による反撃技・術」は含まない"
弓の天稟・真Ⅵ＆練気Ⅲ・Ⅱ,"Resist攻撃を受けた時、被ダメージを軽減する(効果超極大)
Resist攻撃を受けた時、敵の攻撃を回避する(確率大)

[バトル開始時]
自身に「ウェポンエンハンス(弓)」(効果極大)を付与する
自身のBPを回復する(+3)

[攻撃命中時]
自身のBPを回復する(+2)"
雲の奥の真実,"[攻撃命中時]
味方生存者全体に「攻撃強化」(効果超極大+/効果2ターン)を付与する
味方生存者全体に「防御強化」(効果特大/効果1ターン)を付与する

[タイプが「攻撃」である技・術を命中させた時(※)]
「セブンスホーリー」が発動する
(技Rank1で発動)

[導きの歌声(※)を発動後]
自身と対象に「神託の息吹(5回)」(効果ターン数制限なし)を付与する
味方生存者全体に「防御強化」(効果特大/効果2ターン)を付与する
自身に「ターン終了時BP回復(+5)」(効果1ターン)を付与する

※「アビリティ効果により発動する技・術」「特殊状態の効果により発動する技・術」「技・術の効果により発動する技・術」「溜め技・術」「溜め状態を付与する技・術」「カウンター効果による反撃技・術」は含まない"
手掛かりを探して,"[バトル開始時]
味方生存者全体に「奔流・技(1回)」(効果ターン数制限なし)を付与する
味方生存者全体に「奔流・術(1回)」(効果ターン数制限なし)を付与する
自身に「消費BP減少」(減少量2/効果バトル中永続)を付与する

[ターン開始時]
味方生存者全体に「技攻撃時BP回復(+2)(1回)」(効果1ターン)を付与する
味方生存者全体に「術攻撃時BP回復(+2)(1回)」(効果1ターン)を付与する
味方生存者全体に「防御強化」(効果中/効果1ターン)を付与する
味方生存者全体の腕力・体力・器用さ・素早さ・知力・精神・愛・魅力を上昇させる(効果極大)"
アーツ＆マジック,"[技攻撃時]
自身に「攻撃強化」(効果極大/効果1ターン)を付与する
自身の腕力・知力を上昇させる(効果中)

[術攻撃時]
味方生存者全体の腕力・器用さ・素早さ・知力を上昇させる(効果小)

[技攻撃(※)を発動後]
「ダークネスフィフス」が2回発動する
(技Rank1で発動)

[術攻撃(※)を発動後]
「氷炎連破」と「メルトレイ」が発動する
(それぞれ術Rank1で発動)

※「アビリティ効果により発動する技・術」「特殊状態の効果により発動する技・術」「技・術の効果により発動する技・術」「溜め技・術」「溜め状態を付与する技・術」「カウンター効果による反撃技・術」は含まない"
弓者の誓い,"[バトル開始時]
味方生存者全体のODゲージを満タンにする
味方生存者全体に「ウェポンリンクⅤ(弓)」(効果バトル中永続)を付与する
味方生存者全体に「エクストラフォース(弓/小)」(効果バトル中永続)を付与する
味方生存者全体に「オーバーエンハンス」(効果超極大)を付与する
自身に「アローリンク」(効果1ターン)を付与する

[OD攻撃(※)を発動後]
「ユニゾンダンシングアロー」が2回発動する
(技Rank1で発動)
※「アビリティ効果により発動する技・術」「特殊状態の効果により発動する技・術」「技・術の効果により発動する技・術」「溜め技・術」「溜め状態を付与する技・術」「カウンター効果による反撃技・術」は含まない"
ウェポンフィールドⅥ(弓),"[ターン開始時]
味方生存者全体に「ウェポンエンハンス(弓)」(効果超極大)を付与する(上限回数:バトル中5回)
味方生存者全体の腕力・体力・器用さ・素早さ・知力・精神・愛・魅力を上昇させる(効果大)"
正しい力の伝え方,"[バトル開始時]
敵全体に「孤独の楔」(効果バトル中永続)を付与する
敵全体に「完全孤立(2回)」(効果ターン数制限なし)を付与する
味方生存者全体に「フォーカスパワー」(効果1ターン)を付与する

[タイプが「攻撃」である技・術を命中させた時(※)]
「六連紅風脚」と「クリムゾンロール」が発動する
(それぞれ技Rank1で発動)
※「アビリティ効果により発動する技・術」「特殊状態の効果により発動する技・術」「技・術の効果により発動する技・術」「溜め技・術」「溜め状態を付与する技・術」「カウンター効果による反撃技・術」は含まない"
体術の極み・真Ⅶ＆練気Ⅶ・Ⅱ,"[バトル開始時]
自身に「ウェポンエンハンス(体術)」(効果超極大)を付与する
自身に「ディフェンスアップ」(効果超極大)を付与する
自身のBPを回復する(+7)

[攻撃命中時]
自身のBPを回復する(+2)"
私の未来,"[バトル開始時]
自身に「属性ダメージ無効(冷)」(効果バトル中永続)を付与する
味方生存者全体に「激流の力」(効果1ターン)を付与する
味方生存者全体に「ディフェンスアップ」(効果極大)を付与する

[水竜の蒼光(※)を発動後]
自身の「マシンガンウォーター」の使用回数制限を回復する(+1/バトル開始時点の回数より多くならない)
味方生存者全体に「防御強化」(効果特大/効果3ターン)を付与する

[マシンガンウォーター(※)を発動後]
「マシンガンウォーター」が発動する
(術Rank1で発動)
味方生存者全体に「防御強化」(効果特大/効果3ターン)を付与する

※「アビリティ効果により発動する技・術」「特殊状態の効果により発動する技・術」「技・術の効果により発動する技・術」「溜め技・術」「溜め状態を付与する技・術」「カウンター効果による反撃技・術」は含まない"
ヒーリングエリア,"[ターン開始時]
味方生存者全体の愛・魅力を上昇させる(効果特大)
味方生存者全体のHPを回復する(効果小)"
攻援の戦技Ⅵ＆決意Ⅳ・Ⅲ,"[バトル開始時]
味方生存者全体に「ヒートアップ」(効果極大)を付与する
自身に「ディフェンスアップ」(効果超極大)を付与する
自身のBPを回復する(+4)

[ターン終了時]
自身のBPを回復する(+3)"
全身全霊の剣技,"[バトル開始時]
自身に「エクストラフォース(斬/大)」(効果バトル中永続)を付与する
自身に「最大BP増加」(増加量10/効果バトル中永続)を付与する

[八重二振を命中させた時]
自身に「攻撃強化」(効果特大/効果5ターン)を付与する
自身の腕力を上昇させる(効果特大)
自身の「紫水八墜」の使用回数制限を回復する(+2/バトル開始時点の回数より多くならない)
自身の「水鏡暗刃」の使用回数制限を回復する(+1/バトル開始時点の回数より多くならない)

[紫水八墜を命中させた時]
自身に「攻撃強化」(効果極大/効果4ターン)を付与する
自身の腕力を上昇させる(効果極大)
自身の「水鏡暗刃」の使用回数制限を回復する(+1/バトル開始時点の回数より多くならない)

[水鏡暗刃を命中させた時]
自身に「攻撃強化」(効果超極大/効果3ターン)を付与する
自身の腕力を上昇させる(効果超極大)
自身に「八重の構え」(効果2ターン)を付与する

[八重双迅を命中させた時]
自身に「攻撃強化」(効果超極大+/効果2ターン)を付与する
自身の腕力を上昇させる(効果超極大+)"
エレメントボルテージ(斬・冷),"[ターン開始時]
以下の効果が発動する(上限回数:バトル中3回)
・自身に「エレメントエンハンス(斬)」(効果超極大)を付与する
・自身に「エレメントエンハンス(冷)」(効果超極大)を付与する"
剣の極み・真Ⅶ＆決意Ⅹ・Ⅷ,"[バトル開始時]
自身に「ウェポンエンハンス(剣)」(効果超極大)を付与する
自身に「ディフェンスアップ」(効果超極大)を付与する
自身のBPを回復する(+10)

[ターン終了時]
自身のBPを回復する(+8)"
殻を破った少女,"[攻撃命中時]
味方生存者全体に「攻撃強化」(効果超極大+/効果2ターン)を付与する
味方生存者全体に「防御強化」(効果小/効果2ターン)を付与する

[技攻撃(※)を発動後]
「ユニヴェールエクラ」が発動する
(技Rank1で発動)

[術攻撃(※)を発動後]
「光の爆針」が発動する
(術Rank1で発動)

※「アビリティ効果により発動する技・術」「特殊状態の効果により発動する技・術」「技・術の効果により発動する技・術」「溜め技・術」「溜め状態を付与する技・術」「カウンター効果による反撃技・術」は含まない"
防援の戦技Ⅳ＆決意Ⅳ・Ⅲ,"[バトル開始時]
味方生存者全体に「ディフェンスアップ」(効果大)を付与する
自身に「ディフェンスアップ」(効果超極大)を付与する
自身のBPを回復する(+4)

[ターン終了時]
自身のBPを回復する(+3)"
悪意への抵抗,"[攻撃命中時]
自身に「打属性攻撃強化」(効果大/効果2ターン)を付与する
自身に「冷属性攻撃強化」(効果大/効果2ターン)を付与する
自身に「雷属性攻撃強化」(効果大/効果2ターン)を付与する
対象の体力・素早さ・知力・精神を低下させる(効果小)

[アイスチャージショット(※)を発動後]
自身に「追撃(レティクルフローズン)」(効果バトル中永続)を付与する(上限回数:バトル中1回)

[エレキチャージショット(※)を発動後]
自身に「追撃(レティクルサンダー)」(効果バトル中永続)を付与する(上限回数:バトル中1回)

※「アビリティ効果により発動する技・術」「特殊状態の効果により発動する技・術」「技・術の効果により発動する技・術」「溜め技・術」「溜め状態を付与する技・術」「カウンター効果による反撃技・術」は含まない"
打冷雷激化Ⅵ(器用さ),"[ターン開始時]
自身に「攻撃強化」(効果超極大/効果4ターン)を付与する
自身に「打属性攻撃強化」(効果特大/効果4ターン)を付与する
自身に「冷属性攻撃強化」(効果特大/効果4ターン)を付与する
自身に「雷属性攻撃強化」(効果特大/効果4ターン)を付与する
自身の器用さを上昇させる(効果特大)"
銃の極み・真Ⅶ＆決意Ⅲ・Ⅰ,"[バトル開始時]
自身に「ウェポンエンハンス(銃)」(効果超極大)を付与する
自身に「ディフェンスアップ」(効果超極大)を付与する
自身のBPを回復する(+3)

[ターン終了時]
自身のBPを回復する(+1)"
動き始めた物語,"[バトル開始時]
味方生存者全体に「エクストラフォース(Weak/極小)」(効果バトル中永続)を付与する
味方生存者全体に「ダメージブロック(3回)」(効果1ターン)を付与する
味方生存者全体に「苛烈の調べ(1回)」(効果1ターン)を付与する
味方生存者全体に「闘争の調べ(1回)」(効果ターン数制限なし)を付与する

[攻撃命中時]
味方生存者全体に「攻撃強化」(効果大/効果1ターン)を付与する
味方生存者全体に「防御強化」(効果小/効果1ターン)を付与する
味方生存者全体の腕力・体力・器用さ・素早さ・知力・精神・愛・魅力を上昇させる(効果小)

[紫光花伝(※)を発動後]
味方生存者全体に「防御強化」(効果極大/効果2ターン)を付与する
自身に「追演(さみだれ飛光弓)(1回)」(効果5ターン)を付与する
自身に「ターン終了時BP回復(+2)」(効果1ターン)を付与する
※「アビリティ効果により発動する技・術」「特殊状態の効果により発動する技・術」「技・術の効果により発動する技・術」「溜め技・術」「溜め状態を付与する技・術」「カウンター効果による反撃技・術」は含まない"
攻援の戦技Ⅵ＆決意Ⅰ・Ⅲ,"[バトル開始時]
味方生存者全体に「ヒートアップ」(効果極大)を付与する
自身に「ディフェンスアップ」(効果超極大)を付与する
自身のBPを回復する(+1)

[ターン終了時]
自身のBPを回復する(+3)"
大食い格闘家,"[タイプが「攻撃」である技・術を命中させた時(※)]
「炎舞短勁」が2回発動する
(技Rank1で発動)

[赤い気迫(※)を発動後]
自身と対象に「ターン終了時ODゲージ上昇(満タン)」(効果2ターン)を付与する
自身と対象に「ターン終了時BP回復(+6)」(効果1ターン)を付与する
味方生存者全体に「ターン終了時BP回復(+2)」(効果1ターン)を付与する

[てんしんエール(※)を発動後]
対象に「攻撃強化」(効果超極大+/効果2ターン)を付与する
対象の腕力・器用さ・素早さ・知力を上昇させる(効果超極大)
自身に「ターン終了時ODゲージ上昇(満タン)」(効果2ターン)を付与する
自身に「ターン終了時BP回復(+10)」(効果1ターン)を付与する

※「アビリティ効果により発動する技・術」「特殊状態の効果により発動する技・術」「技・術の効果により発動する技・術」「溜め技・術」「溜め状態を付与する技・術」「カウンター効果による反撃技・術」は含まない"
美味しいものは太らない,"[バトル開始時]
味方生存者全体に「エクストラフォース(Weak/極小)」(効果バトル中永続)を付与する
味方生存者全体に「おいしいにくまん」(効果バトル中永続)を付与する
味方生存者全体に「ぷちにくまん(1回)」(効果ターン数制限なし)を付与する

[ターン開始時]
味方生存者全体に「攻撃強化」(効果超極大/効果2ターン)を付与する
味方生存者全体に「防御強化」(効果極大/効果2ターン)を付与する
自身に「行動順補正上昇」(効果極大/効果2ターン)を付与する
自身に「防御強化」(効果中/効果1ターン)を付与する"
攻援の戦技Ⅶ＆練気Ⅳ・Ⅲ,"[バトル開始時]
味方生存者全体に「ヒートアップ」(効果超極大)を付与する
自身に「ディフェンスアップ」(効果超極大)を付与する
自身のBPを回復する(+4)

[攻撃命中時]
自身のBPを回復する(+3)"
魂の入った石,"[ターン開始時]
味方生存者全体に「身代わりの彫刻・極(1回)」(効果1ターン)を付与する
味方生存者全体に「美の栄光・極」(効果1ターン)を付与する
味方生存者全体に「防御強化」(効果特大/効果1ターン)を付与する
敵全体に「攻撃の楔Ⅰ」(効果1ターン)を付与する
自身に「攻撃強化」(効果超極大/効果4ターン)を付与する
自身に「打属性攻撃強化」(効果超極大/効果4ターン)を付与する
自身の腕力・素早さ・知力を上昇させる(効果特大)"
タコおじさんのたこ焼き,"[バトル開始時]
自身以外のランダムな味方生存者1体に「大当たりたこ焼き(3回)」(効果ターン数制限なし)を付与する
自身以外のランダムな味方生存者1体に「激辛たこ焼き(3回)」(効果ターン数制限なし)を付与する
味方生存者全体に「ヒートアップ」(効果超極大+)を付与する
味方生存者全体に「Weakヒートアップ」(効果超極大+)を付与する
味方生存者全体に「ディフェンスアップ」(効果超極大)を付与する

[ターン開始時]
味方生存者全体の腕力・体力・器用さ・素早さ・知力・精神・愛・魅力を上昇させる(効果極大)

[ターン終了時]
味方生存者全体のHPを回復する(効果小)"
攻援の戦技Ⅶ＆決意Ⅳ,"[バトル開始時]
味方生存者全体に「ヒートアップ」(効果超極大)を付与する
自身に「ディフェンスアップ」(効果超極大)を付与する

[ターン終了時]
自身のBPを回復する(+4)"
シーメイドのおもてなし,"[バトル開始時]
味方生存者全体に「ディフェンスアップ」(効果超極大)を付与する

[ラウンド開始時]
味方生存者全体に「デュアルエンハンス(冷・雷)」(効果超極大+)を付与する
味方生存者全体に「冷・雷属性攻撃強化」(効果超極大+/効果5ターン)を付与する
味方生存者全体の腕力・器用さ・素早さ・知力を上昇させる(効果超極大+)
敵全体に「冷・雷属性防御弱化」(効果超極大+/効果5ターン)を付与する
敵全体に「ディフェンスダウン」(効果超極大+)を付与する
敵全体の体力・精神・愛・魅力を低下させる(効果超極大+)

[ターン開始時]
味方生存者全体に「冷・雷属性攻撃強化」(効果超極大+/効果4ターン)を付与する
味方生存者全体に「モラルアップ(超極大+)」(効果1ターン)を付与する
味方生存者全体の腕力・体力・器用さ・素早さ・知力・精神・愛・魅力を上昇させる(効果極大)"
アセンションフィールドⅥ(冷・雷),"[ターン開始時]
味方生存者全体に「冷・雷属性攻撃強化」(効果超極大/効果1ターン)を付与する
味方生存者全体に「防御強化」(効果極大/効果1ターン)を付与する
味方生存者全体の腕力・体力・器用さ・素早さ・知力・精神・愛・魅力を上昇させる(効果大)
自身に「防御強化」(効果大/効果1ターン)を付与する

[ターン終了時]
味方生存者全体の状態異常をすべて解除する
自身のODゲージを満タンにする"
攻援の戦技Ⅶ＆決意Ⅱ・Ⅵ,"[バトル開始時]
味方生存者全体に「ヒートアップ」(効果超極大)を付与する
自身に「ディフェンスアップ」(効果超極大)を付与する
自身のBPを回復する(+2)

[ターン終了時]
自身のBPを回復する(+6)"
二人で楽しむ文化祭,"[バトル開始時]
自身のODゲージを満タンにする

[ターン開始時]
ODゲージが満タンの場合、以下の効果が発動する
・自身に「攻撃強化」(効果超極大/効果1ターン)を付与する
・自身の腕力・素早さを上昇させる(効果超極大)
・自身に「クレープチャージ(1回)」(効果1ターン)を付与する

[OD攻撃(※)を発動後]
「セイントストライク」が発動する
(技Rank1で発動)
※「アビリティ効果により発動する技・術」「特殊状態の効果により発動する技・術」「技・術の効果により発動する技・術」「溜め技・術」「溜め状態を付与する技・術」「カウンター効果による反撃技・術」は含まない"
エレメントボルテージ(打・陽),"[ターン開始時]
以下の効果が発動する(上限回数:バトル中3回)
・自身に「エレメントエンハンス(打)」(効果超極大)を付与する
・自身に「エレメントエンハンス(陽)」(効果超極大)を付与する"
闘いの極み・真Ⅷ＆練気Ⅶ・Ⅳ,"攻撃の与ダメージが上昇する(効果超極大+)
かつ、攻撃を受けた時、被ダメージを軽減する(効果超極大)

[バトル開始時]
自身のBPを回復する(+7)

[攻撃命中時]
自身のBPを回復する(+4)"
かみのきかん,"自身の全ての攻撃がCriticalになる

[バトル開始時]
自身に「エクストラフォース(Critical/中)」(効果バトル中永続)を付与する
自身以外の味方生存者全体に「てんのちから」(効果1ターン)を付与する
味方生存者全体に「ディフェンスアップ」(効果超極大)を付与する

[斬属性を含む攻撃(※)を発動後]
「炎の風＋」が2回発動する
(技Rank1で発動)

[打属性を含む攻撃(※)を発動後]
「かみのひだりて＋」と「かみのみぎて＋」が発動する
(それぞれ技Rank1で発動)

[突属性を含む攻撃(※)を発動後]
「かみのこぶし」が発動する
(技Rank1で発動)

[熱属性を含む攻撃(※)を発動後]
「ねつりんげき」が発動する
(技Rank1で発動)

[冷属性を含む攻撃(※)を発動後]
「きらめき＋」が2回発動する
(技Rank1で発動)

[陽属性を含む攻撃(※)を発動後]
「いてつくほしぼし」が発動する
(技Rank1で発動)

※「アビリティ効果により発動する技・術」「特殊状態の効果により発動する技・術」「技・術の効果により発動する技・術」「溜め技・術」「溜め状態を付与する技・術」「カウンター効果による反撃技・術」は含まない"
てんのちから,"[攻撃時]
味方生存者全体に「斬属性攻撃強化」(効果特大/効果2ターン)を付与する
味方生存者全体に「打属性攻撃強化」(効果特大/効果2ターン)を付与する
味方生存者全体に「突属性攻撃強化」(効果特大/効果2ターン)を付与する
味方生存者全体に「熱属性攻撃強化」(効果特大/効果2ターン)を付与する
味方生存者全体に「冷属性攻撃強化」(効果特大/効果2ターン)を付与する
味方生存者全体に「陽属性攻撃強化」(効果特大/効果2ターン)を付与する
味方生存者全体の腕力・器用さ・素早さ・知力を上昇させる(効果大)"
闘いの極み・真Ⅷ＆練気Ⅹ・Ⅲ,"攻撃の与ダメージが上昇する(効果超極大+)
かつ、攻撃を受けた時、被ダメージを軽減する(効果超極大)

[バトル開始時]
自身のBPを回復する(+10)

[攻撃命中時]
自身のBPを回復する(+3)"
激情の鼓動,"[バトル開始時]
自身に「エクストラフォース(斬/大)」(効果バトル中永続)を付与する

[サルーインステージを命中させた時]
自身に「攻撃強化」(効果超極大/効果3ターン)を付与する
自身の知力を上昇させる(効果超極大)
自身に「サルーインアンコール」(効果2ターン)を付与する
ただし、自身以外の味方生存者全体に「ターン終了時消費BP増加(+5)」(効果1ターン)を付与する(上限回数:バトル中1回)

[フィーニスカッターを命中させた時]
自身に「攻撃強化」(効果超極大+/効果2ターン)を付与する
自身の知力を上昇させる(効果超極大+)"
斬陰激化Ⅵ(腕力・知力),"[ターン開始時]
自身に「攻撃強化」(効果超極大/効果4ターン)を付与する
自身に「斬属性攻撃強化」(効果特大/効果4ターン)を付与する
自身に「陰属性攻撃強化」(効果特大/効果4ターン)を付与する
自身の腕力・知力を上昇させる(効果特大)"
闘いの天稟・真Ⅶ＆決意Ⅹ・Ⅷ,"攻撃の与ダメージが上昇する(効果超極大)
Resist攻撃を受けた時、被ダメージを軽減する(効果超極大)
Resist攻撃を受けた時、敵の攻撃を回避する(確率大)

[バトル開始時]
自身のBPを回復する(+10)

[ターン終了時]
自身のBPを回復する(+8)"
怪傑の秘技,"[バトル開始時]
味方生存者全体に「天知る(10回)」(効果10ターン)を付与する
味方生存者全体に「地知る(10回)」(効果20ターン)を付与する
味方生存者全体に「ロビン知る！」(効果バトル中永続)を付与する

[タイプが「攻撃」である技・術を命中させた時(※)]
「スパークピアス」と「雷電刺突」と「ライトニングピアス＋」が発動する
(それぞれ技Rank1で発動)
※「アビリティ効果により発動する技・術」「特殊状態の効果により発動する技・術」「技・術の効果により発動する技・術」「溜め技・術」「溜め状態を付与する技・術」「カウンター効果による反撃技・術」は含まない

[攻撃を受けた時]
直接攻撃に対して、「ロビンズサンダー」でカウンター攻撃する
(技Rank1で発動)"
小剣の極み・真Ⅶ＆練気Ⅲ・Ⅱ,"[バトル開始時]
自身に「ウェポンエンハンス(小剣)」(効果超極大)を付与する
自身に「ディフェンスアップ」(効果超極大)を付与する
自身のBPを回復する(+3)

[攻撃命中時]
自身のBPを回復する(+2)"
明日を守る弾丸,"[バトル開始時]
自身に「エクストラフォース(打/小)」(効果バトル中永続)を付与する
自身に「追撃(アイスチェイサー＋)」(効果バトル中永続)を付与する

[ターン開始時]
自身に「追撃(シックスフローズン)」(効果1ターン)を付与する
自身に「攻撃強化」(効果超極大/効果4ターン)を付与する
自身に「打属性攻撃強化」(効果極大/効果4ターン)を付与する
自身に「冷属性攻撃強化」(効果極大/効果4ターン)を付与する
自身の器用さを上昇させる(効果大)"
スペシャルリロード,"[バトル開始から数えて3の倍数のターン開始時]
自身に「エクストラフォース(冷/小)」(効果1ターン)を付与する
自身に「追撃(シックスフローズン)」(効果1ターン)を付与する

[バトル開始から数えて5ターン目以降のターン終了時]
自身の「コンバートフローズン」の使用回数制限を回復(+1)する(バトル開始時点の回数より多くならない/上限回数:バトル中1回)"
銃の天稟・真Ⅵ＆練気Ⅳ・Ⅱ,"Resist攻撃を受けた時、被ダメージを軽減する(効果超極大)
Resist攻撃を受けた時、敵の攻撃を回避する(確率大)

[バトル開始時]
自身に「ウェポンエンハンス(銃)」(効果極大)を付与する
自身のBPを回復する(+4)

[攻撃命中時]
自身のBPを回復する(+2)"
真心の琵琶,"[バトル開始時]
味方生存者全体に「ダメージブロック(1回)」(効果1ターン)を付与する
味方生存者全体に「堅忍不抜」(効果バトル中永続)を付与する

[ターン開始時]
＜味方が全員生存している場合＞
味方生存者全体に「攻撃強化」(効果極大/効果4ターン)を付与する
一定の確率(確率大)で、味方生存者全体に「ダメージブロック(1回)」(効果1ターン)を付与する"
オーバーステータスフィールド,"[ターン開始時]
味方生存者全体に「オーバーエンハンス」(効果超極大)を付与する(上限回数:バトル中3回)
味方生存者全体の腕力・体力・器用さ・素早さ・知力・精神・愛・魅力を上昇させる(効果大)
味方生存者全体に「攻撃強化」(効果特大/効果1ターン)を付与する"
逆境の魂,"[ターン開始時]
味方生存者全体に「攻撃強化」(効果特大/効果2ターン)を付与する
味方生存者全体に「防御強化」(効果特大/効果1ターン)を付与する
味方生存者全体の腕力・体力・器用さ・素早さ・知力・精神を上昇させる(効果中)
敵全体に「ブレイブマーカー(5回)」(効果1ターン)を付与する

[タイプが「攻撃」である技・術を命中させた時(※)]
「スペクタクルゲート＋」と「アイスブレイズ」が発動する
(それぞれ術Rank1で発動)
※「アビリティ効果により発動する技・術」「特殊状態の効果により発動する技・術」「技・術の効果により発動する技・術」「溜め技・術」「溜め状態を付与する技・術」「カウンター効果による反撃技・術」は含まない"
ヒーリングフィールド,"[ターン開始時]
自身のBPを回復する(+2)
味方生存者全体の愛と魅力を上昇させる(効果大)
味方生存者全体に「ターン終了時HP回復」(効果極小/効果バトル中永続)を付与する(上限回数:バトル中2回)"
杖の極み・真Ⅶ＆練気Ⅱ・Ⅱ,"[バトル開始時]
自身に「ウェポンエンハンス(杖)」(効果超極大)を付与する
自身に「ディフェンスアップ」(効果超極大)を付与する
自身のBPを回復する(+2)

[攻撃命中時]
自身のBPを回復する(+2)"
受け継がれし朱鳥,"[攻撃時]
自身に「防御強化」(効果中/効果2ターン)を付与する
味方生存者全体の体力・精神を上昇させる(効果中)

[攻撃を受けた時]
自身に「攻撃強化」(効果大/効果2ターン)を付与する
味方生存者全体に「防御強化」(効果小/効果1ターン)を付与する
味方生存者全体の腕力・器用さ・知力を上昇させる(効果中)

[ターン終了時]
気絶している場合、自身のHPを回復する(効果特大)
(毒ダメージ気絶したターンには発動しない)"
家族を守る想い,"[攻撃を受けた時]
熱属性を含むダメージを無効化する
さらに、直接攻撃に対して「イグニッションスキャター＋」で反撃する
(パリイを使用したターンは反撃しない)
(術Rank1で発動)

[タイプが「攻撃」である技・術を命中させた時(※)]
自身を「カウンター」状態(効果1ターン)にする

反撃術:イグニッションスキャター＋
(術Rank1で発動)

[攻撃を受けてHP0になる時]
最大HPの100%でふみとどまる(上限回数:バトル中1回)"
己の騎士道,"[バトル開始時]
敵全体に「傷痕(斬・陽)(3回)」(効果1ターン)を付与する
味方生存者全体に「最大BP増加」(増加量10/効果バトル中永続)を付与する
味方生存者全体に「エクストラフォース(Weak/極小)」(効果バトル中永続)を付与する
味方生存者全体に「ディフェンスアップ」(効果超極大)を付与する

[タイプが「攻撃」である技・術を命中させた時(※)]
「閃光波」が発動する
(技Rank1で発動)
※「アビリティ効果により発動する技・術」「特殊状態の効果により発動する技・術」「技・術の効果により発動する技・術」「溜め技・術」「溜め状態を付与する技・術」「カウンター効果による反撃技・術」は含まない"
騎士の精神,"[技による攻撃を受けた時]
味方生存者全体に「斬・陽属性攻撃強化」(効果大/効果2ターン)を付与する

[術による攻撃を受けた時]
味方生存者全体のBPを回復する(+1)"
闘援の戦技Ⅴ・Ⅰ＆練気Ⅱ・Ⅲ,"[バトル開始時]
味方生存者全体に「最大BP増加」(増加量5/効果バトル中永続)を付与する
自身に「ディフェンスアップ」(効果超極大)を付与する
自身のBPを回復する(+2)

[ターン開始時]
味方生存者全体に「消費BP減少」(減少量1/効果2ターン)を付与する

[攻撃命中時]
自身のBPを回復する(+3)"
本当の信頼,"[チェインライトニング＋、雷霆墜撃を命中させた時]
自身に「攻撃強化」(効果極大/効果4ターン)を付与する
自身の腕力を上昇させる(効果極大)
自身の「雷閃乱捌撃」の使用回数制限を回復する(+1/バトル開始時点の回数より多くならない)

[雷霆墜撃、雷閃乱捌撃を命中させた時]
自身に「攻撃強化」(効果超極大/効果3ターン)を付与する
自身の腕力を上昇させる(効果超極大)
自身に「アマゾネスの構え」(効果2ターン)を付与する

[アマゾネススティングを命中させた時]
自身に「攻撃強化」(効果超極大+/効果2ターン)を付与する
自身の腕力を上昇させる(効果超極大+)"
天賦の妙技,"[バトル開始時]
自身に「エクストラフォース(雷/大)」(効果バトル中永続)を付与する
自身に「最大BP増加」(増加量10/効果バトル中永続)を付与する

[ターン開始時]
自身に「攻撃強化」(効果超極大/効果4ターン)を付与する
自身に「突属性攻撃強化」(効果特大/効果4ターン)を付与する
自身に「雷属性攻撃強化」(効果特大/効果4ターン)を付与する"
折れない剣と心,"[バトル開始時]
自身に「チェインアーツ(破壊鋼剣)」(効果2ターン)を付与する

[ターン開始時]
自身に「チェインアーツ(破壊鋼剣)」(効果バトル中永続)を付与する(上限回数:バトル中2回)
味方生存者全体に「鋼の逸品」(効果1ターン)を付与する
味方生存者全体に「斬・打・突属性攻撃強化」(効果超極大+/効果3ターン)を付与する
味方生存者全体に「防御強化」(効果極大/効果1ターン)を付与する
自身に「防御強化」(効果超極大/効果1ターン)を付与する

[タイプが「攻撃」である技・術を命中させた時(※)]
「破壊鋼剣」が発動する
(技Rank1で発動)
※「アビリティ効果により発動する技・術」「特殊状態の効果により発動する技・術」「技・術の効果により発動する技・術」「溜め技・術」「溜め状態を付与する技・術」「カウンター効果による反撃技・術」は含まない"
鋼の逸品,"[術による攻撃を受けた時]
味方生存者全体に「攻撃強化」(効果超極大/効果3ターン)を付与する
味方生存者全体の腕力・体力・器用さ・素早さ・知力・精神・愛・魅力を上昇させる(効果大)
敵全体の知力を低下させる(効果中)"
真の強さを知るもの,"[バトル開始時]
味方生存者全体に「密偵の技」(効果2ターン)を付与する
味方生存者全体に「エクストラフォース(Weak/極小)」(効果バトル中永続)を付与する
味方生存者全体に「ヒートアップ」(効果超極大+)を付与する
味方生存者全体に「エンハンスアーツ」(効果超極大+)を付与する

[ターン開始時]
味方生存者全体に「攻撃強化(技)」(効果超極大/効果3ターン)を付与する
味方生存者全体に「防御強化」(効果極大/効果2ターン)を付与する
味方生存者全体の腕力・体力・器用さ・素早さ・知力・精神・愛・魅力を上昇させる(効果極大)

[タイプが「攻撃」である技・術を命中させた時(※)]
「クロスシザーズ」が発動する
(技Rank1で発動)
※「アビリティ効果により発動する技・術」「特殊状態の効果により発動する技・術」「技・術の効果により発動する技・術」「溜め技・術」「溜め状態を付与する技・術」「カウンター効果による反撃技・術」は含まない"
密偵の技,"[技攻撃時]
味方生存者全体の腕力・体力・器用さ・素早さ・知力・精神・愛・魅力を上昇させる(効果小)
味方生存者全体に「攻撃強化」(効果中/効果2ターン)を付与する
味方生存者全体に「攻撃強化(技)」(効果大/効果2ターン)を付与する"
攻援の戦技Ⅶ＆練気Ⅴ・Ⅳ,"[バトル開始時]
味方生存者全体に「ヒートアップ」(効果超極大)を付与する
自身に「ディフェンスアップ」(効果超極大)を付与する
自身のBPを回復する(+5)

[攻撃命中時]
自身のBPを回復する(+4)"
道を切り拓く,"[バトル開始時]
味方生存者全体に「エレメントエンハンス(打)」(効果極大)を付与する
味方生存者全体に「エレメントエンハンス(突)」(効果極大)を付与する
味方生存者全体に「ディフェンスアップ」(効果超極大)を付与する
自身に「ボウの絆」(効果1ターン)を付与する
自身に「スクネの絆」(効果1ターン)を付与する
自身に「エクストラフォース(突/中)」(効果1ターン)を付与する
自身に「エクストラフォース(打/小)」(効果1ターン)を付与する

[ターン開始時]
味方生存者全体に「打属性攻撃強化」(効果特大/効果2ターン)を付与する
味方生存者全体に「突属性攻撃強化」(効果特大/効果2ターン)を付与する"
闘いの極み・真Ⅷ＆練気Ⅲ・Ⅲ,"攻撃の与ダメージが上昇する(効果超極大+)
かつ、攻撃を受けた時、被ダメージを軽減する(効果超極大)

[バトル開始時]
自身のBPを回復する(+3)

[攻撃命中時]
自身のBPを回復する(+3)"
英雄の在り方,"[バトル開始時]
自身に「属性ダメージ無効(陰)」(効果バトル中永続)を付与する
敵全体と味方生存者全体に「光の進行(1回)」(効果2ターン)と「闇の退行(4回)」(効果2ターン)を付与する
自身以外の味方生存者全体に「ホーリーオーラ」(効果バトル中永続)を付与する

[ターン開始時]
敵全体と味方生存者全体に「光の進行(1回)」(効果2ターン)と「闇の退行(4回)」(効果2ターン)を付与する

[単体攻撃(※)を発動後]
「レフティフォーク＋」が発動する
(技Rank1で発動)

[全体攻撃(※)を発動後]
「聖剣連撃」が発動する
(技Rank1で発動)

※「アビリティ効果により発動する技・術」「特殊状態の効果により発動する技・術」「技・術の効果により発動する技・術」「溜め技・術」「溜め状態を付与する技・術」「カウンター効果による反撃技・術」は含まない"
ホーリーオーラ,"[ターン開始時]
味方生存者全体に「攻撃強化」(効果極大/効果2ターン)を付与する
味方生存者全体に「防御強化」(効果小/効果2ターン)を付与する

[陰属性を含む攻撃を受けた時]
味方生存者全体に「攻撃強化」(効果超極大+/効果2ターン)を付与する
味方生存者全体に「陰属性防御強化」(効果中/効果2ターン)を付与する"
闘いの極み・真Ⅷ＆練気Ⅲ・Ⅳ,"攻撃の与ダメージが上昇する(効果超極大+)
かつ、攻撃を受けた時、被ダメージを軽減する(効果超極大)

[バトル開始時]
自身のBPを回復する(+3)

[攻撃命中時]
自身のBPを回復する(+4)"
輝き続ける名誉,"[ターン開始時]
自身に「天龍の逆鱗(5回)」(効果2ターン)を付与する
自身に「ダメージブロック(1回)」(効果1ターン)を付与する
自身に「防御強化」(効果中/効果2ターン)を付与する
自身のHPを回復する(効果小)

[直接攻撃を受けた時]
被ダメージを軽減し「天竜火葬」でカウンター攻撃する
(技Rank1で発動)

[ターン終了時]
自身が「天龍の逆鱗」状態でない場合、味方生存者全体に「能力促進Ⅰ(全)」(効果バトル中永続)を付与する(上限回数:バトル中5回)"
突熱活性Ⅲ(体力・精神),"[攻撃時]
味方生存者全体に「攻撃強化」(効果大/効果2ターン)を付与する
自身に「突属性攻撃強化」(効果大/効果2ターン)を付与する
自身に「熱属性攻撃強化」(効果大/効果2ターン)を付与する
自身の体力・精神を上昇させる(効果中)"
父の背を追って,"[バトル開始時]
自身に「属性ダメージ無効(熱)」(効果バトル中永続)を付与する
自身に「エクストラフォース(熱/小)」(効果バトル中永続)を付与する
味方生存者全体に「最大BP増加」(増加量5/効果バトル中永続)を付与する
味方生存者全体のBPを回復する(+5)
味方生存者全体に「ダメージブロック(2回)」(効果1ターン)を付与する
味方生存者全体のODゲージを満タンにする
自身以外の味方生存者全体に「ターン終了時HP回復(気絶時)(特大)(1回)」(効果ターン数制限なし)を付与する

[ターン開始時]
以下の効果が発動する(上限回数:バトル中3回)
・味方生存者全体に「ダメージブロック(1回)」(効果1ターン)を付与する
・味方生存者全体に「ターン終了時ODゲージ上昇(特大)」(効果1ターン)を付与する
・味方生存者全体に「ターン終了時BP回復(+4)」(効果1ターン)を付与する

[攻撃を受けてHP0になる時]
最大HPの100%でふみとどまる(上限回数:バトル中1回)

[ターン終了時]
気絶している場合、自身のHPを回復する(効果特大)
(毒ダメージで気絶したターンには発動しない)"
イグニッションアーツ,"[タイプが「攻撃」である技・術を命中させた時(※)]
「炎剣四閃」と「焦熱爆炎弾」が発動する
(それぞれ技・術Rank1で発動)

[フェニックスエイト(※)を発動後]
「バーニングスフィア」が発動する
(術Rank1で発動)

※「アビリティ効果により発動する技・術」「特殊状態の効果により発動する技・術」「技・術の効果により発動する技・術」「溜め技・術」「溜め状態を付与する技・術」「カウンター効果による反撃技・術」は含まない"
強運な戦士,"[バトル開始時]
敵全体に「傷刻(突/全能力)(3回)」(効果1ターン)を付与する

[ターン開始時]
敵全体に「鋭槍の刺痕(3回)」(効果1ターン)を付与する
味方生存者全体に「攻撃強化」(効果超極大+/効果4ターン)を付与する
味方生存者全体に「防御強化」(効果極大/効果2ターン)を付与する
自身に「行動順補正上昇」(効果極大/効果2ターン)を付与する

[タイプが「攻撃」である技・術を命中させた時(※)]
「桜華突き」が発動する
(技Rank1で発動)
※「アビリティ効果により発動する技・術」「特殊状態の効果により発動する技・術」「技・術の効果により発動する技・術」「溜め技・術」「溜め状態を付与する技・術」「カウンター効果による反撃技・術」は含まない"
闘援の戦技Ⅴ・Ⅰ＆練気Ⅳ・Ⅲ,"[バトル開始時]
味方生存者全体に「最大BP増加」(増加量5/効果バトル中永続)を付与する
自身に「ディフェンスアップ」(効果超極大)を付与する
自身のBPを回復する(+4)

[ターン開始時]
味方生存者全体に「消費BP減少」(減少量1/効果2ターン)を付与する

[攻撃命中時]
自身のBPを回復する(+3)"
いたずら魔女っ子,"[バトル開始時]
敵全体に「恐夜の針菓(50回)」(効果5ターン)を付与する
敵全体に「恐夜の菓言(1回)」(効果ターン数制限なし)を付与する
自身に「チェインソーサリー(領域黒火)」(効果1ターン)を付与する

[ターン開始時]
味方生存者全体に「防御強化」(効果極大/効果2ターン)を付与する
自身に「行動順補正上昇」(効果極大/効果2ターン)を付与する

[タイプが「攻撃」である技・術を命中させた時(※)]
「領域黒火」が発動する
(術Rank1で発動)
※「アビリティ効果により発動する技・術」「特殊状態の効果により発動する技・術」「技・術の効果により発動する技・術」「溜め技・術」「溜め状態を付与する技・術」「カウンター効果による反撃技・術」は含まない"
エレメントフィールド(熱・陰),"[ターン開始時]
味方生存者全体に「デュアルエンハンス(熱・陰)」(効果極大)を付与する(上限回数:バトル中5回)
味方生存者全体の腕力・体力・器用さ・素早さ・知力・精神・愛・魅力を上昇させる(効果大)"
闘いの天稟・真Ⅶ＆練気Ⅴ・Ⅳ,"攻撃の与ダメージが上昇する(効果超極大)
Resist攻撃を受けた時、被ダメージを軽減する(効果超極大)
Resist攻撃を受けた時、敵の攻撃を回避する(確率大)

[バトル開始時]
自身のBPを回復する(+5)

[攻撃命中時]
自身のBPを回復する(+4)"
究極の研究,"[バトル開始時]
自身に「イージスの盾」(確率大/効果バトル中永続)を付与する
味方生存者全体に「ディフェンスアップ」(効果超極大)を付与する

[タイプが「攻撃」である技・術を命中させた時(※)]
「ロックドロップ」と「ストーンメイス」が発動する
(それぞれ術Rank1で発動)

[魔の研究(※)を発動後]
対象に「ターン終了時ODゲージ上昇(満タン)」(効果1ターン)を付与する(上限回数:バトル中1回)
対象に「エクストラフォース(OD/中)」(効果3ターン)を付与する(上限回数:バトル中1回)
対象に「ヒートアップ」(効果超極大+)を付与する
対象に「Weakヒートアップ」(効果超極大+)を付与する
対象の腕力・体力・器用さ・素早さを上昇させる(効果超極大+)
対象に「攻撃強化」(効果超極大+/効果4ターン)を付与する

※「アビリティ効果により発動する技・術」「特殊状態の効果により発動する技・術」「技・術の効果により発動する技・術」「溜め技・術」「溜め状態を付与する技・術」「カウンター効果による反撃技・術」は含まない"
心踊るホラーナイト,"[バトル開始時]
味方生存者全体のODゲージを満タンにする
味方生存者全体に「エクストラフォース(Weak/極小)」(効果バトル中永続)を付与する

[ターン開始時]
味方生存者全体に「パワーエッセンス(冷)(1回)」(効果2ターン)を付与する
味方生存者全体に「パワーエッセンス(雷)(1回)」(効果2ターン)を付与する
味方生存者全体に「防御強化」(効果大/効果2ターン)を付与する
味方生存者全体に「冷属性攻撃強化」(効果超極大/効果2ターン)を付与する
味方生存者全体に「雷属性攻撃強化」(効果超極大/効果2ターン)を付与する
味方生存者全体に「OD攻撃強化」(効果超極大/効果2ターン)を付与する
味方生存者全体の腕力・体力・器用さ・素早さ・知力・精神・愛・魅力を上昇させる(効果極大)
自身に「攻撃強化」(効果超極大/効果3ターン)を付与する
自身に「冷属性攻撃強化」(効果特大/効果3ターン)を付与する
自身に「雷属性攻撃強化」(効果特大/効果3ターン)を付与する

[ターン終了時]
自身の状態異常をすべて解除する"
プラズマアシスト,"[タイプが「攻撃」である技・術を命中させた時(※)]
「スパークリングプラズマ」と「プラズマレーザー(大剣技)」が発動する
(それぞれ技Rank1で発動)
※「アビリティ効果により発動する技・術」「特殊状態の効果により発動する技・術」「技・術の効果により発動する技・術」「溜め技・術」「溜め状態を付与する技・術」「カウンター効果による反撃技・術」は含まない"
おかしなカボチャバウム,"[ターン開始時]
味方生存者全体の体力を上昇させる(効果超極大)
味方生存者全体に「打・陰属性攻撃強化」(効果超極大+/効果2ターン)を付与する

[攻撃時]
味方生存者全体の腕力・体力・器用さ・素早さ・知力・精神・愛・魅力を上昇させる(効果大)

[タイプが「攻撃」である技・術を命中させた時(※)]
「ゴールデンふみつけ」が発動する
(技Rank1で発動)

[ユニオンスライムシュート(※)を発動後]
「かぼちゃアクセル」と「ゴールデンふみつけ」が発動する
(それぞれ技Rank1で発動)

※「アビリティ効果により発動する技・術」「特殊状態の効果により発動する技・術」「技・術の効果により発動する技・術」「溜め技・術」「溜め状態を付与する技・術」「カウンター効果による反撃技・術」は含まない"
もっちもちボディ,"[ターン開始時]
自身に「防御強化」(効果極大/効果1ターン)を付与する
自身に「斬属性防御強化」(効果極大/効果1ターン)を付与する
自身に「打属性防御強化」(効果極大/効果1ターン)を付与する
自身に「突属性防御強化」(効果極大/効果1ターン)を付与する

[攻撃時]
味方生存者全体の体力を上昇させる(効果中)

[攻撃を受けた時]
味方生存者全体の体力を上昇させる(効果中)

[斬・打・突属性のいずれかを含む攻撃を受けた時]
味方生存者全体に「打・陰属性攻撃強化」(効果極大/効果2ターン)を付与する
味方生存者全体の腕力・体力・器用さ・素早さ・知力・精神・愛・魅力を上昇させる(効果大)"
攻援の戦技Ⅶ＆練気Ⅵ・Ⅳ,"[バトル開始時]
味方生存者全体に「ヒートアップ」(効果超極大)を付与する
自身に「ディフェンスアップ」(効果超極大)を付与する
自身のBPを回復する(+6)

[攻撃命中時]
自身のBPを回復する(+4)"
今夜はダークモード,"[バトル開始時]
自身に「めがみスナイプ」(効果1ターン)を付与する
自身に「めがみブラスト」(効果1ターン)を付与する
味方生存者全体に「ディフェンスアップ」(効果超極大)を付与する

[ターン開始時]
味方生存者全体に「能力弱体Ⅳ(熱・陽/全能力)」(効果1ターン)を付与する
味方生存者全体に「熱・陽属性攻撃強化」(効果超極大+/効果2ターン)を付与する
味方生存者全体に「防御強化」(効果特大/効果1ターン)を付与する
敵全体に「熱・陽属性防御弱化」(効果超極大+/効果2ターン)を付与する

[タイプが「攻撃」である技・術を命中させた時(※)]
「かぼちゃれんだん」が発動する
(技Rank1で発動)

[天の灼光またはムーンライトパンプキンを発動後(※]
「かぼちゃれんだん」が発動する
(技Rank1で発動)

[せいなるほのおまたはムーンライトパンプキンを発動後(※)]
「フォーカスフレア」が2回発動する
(技Rank1で発動)

※「アビリティ効果により発動する技・術」「特殊状態の効果により発動する技・術」「技・術の効果により発動する技・術」「溜め技・術」「溜め状態を付与する技・術」「カウンター効果による反撃技・術」は含まない"
エレメントボルテージ(熱・陽),"[ターン開始時]
以下の効果が発動する(上限回数:バトル中3回)
・自身に「エレメントエンハンス(熱)」(効果超極大)を付与する
・自身に「エレメントエンハンス(陽)」(効果超極大)を付与する"
闘いの極み・真Ⅷ＆練気Ⅶ・Ⅲ,"攻撃の与ダメージが上昇する(効果超極大+)
かつ、攻撃を受けた時、被ダメージを軽減する(効果超極大)

[バトル開始時]
自身のBPを回復する(+7)

[攻撃命中時]
自身のBPを回復する(+3)"
気分は狼,"[バトル開始時]
自身のODゲージを満タンにする
自身に「ドライヴアーツ(さみだれ光弓)」(効果4ターン)を付与する
自身に「攻撃強化」(効果超極大+/効果4ターン)を付与する
自身に「突属性攻撃強化」(効果超極大+/効果4ターン)を付与する
自身に「陽属性攻撃強化」(効果超極大+/効果4ターン)を付与する
自身の腕力・体力・器用さ・素早さ・知力・精神・愛・魅力を上昇させる(効果特大)"
今度は私の番！,"[ターン開始時]
味方生存者全体に「ヒートアップ」(効果超極大)を付与する(上限回数:バトル中20回)
味方生存者全体に「ディフェンスアップ」(効果小)を付与する(上限回数:バトル中10回)
味方生存者全体に「ディフェンスアップ」(効果特大)を付与する(上限回数:バトル中6回)
味方生存者全体の腕力・体力・器用さ・素早さ・知力・精神・愛・魅力を上昇させる(効果特大)
味方生存者全体のすべての状態異常耐性を上昇させる(効果極大)

[ターン終了時]
味方生存者全体のBPを回復する(+1)
味方生存者全体のODゲージを上昇させる(効果中)
味方生存者全体のHPを回復する(効果小)

[バトル開始から数えて5ターン目以降のターン終了時]
味方生存者全体のBPを回復する(+1)
味方生存者全体のODゲージを上昇させる(効果大)

[バトル開始から数えて10ターン目以降のターン終了時]
味方生存者全体のBPを回復する(+3)
味方生存者全体のODゲージを上昇させる(効果特大)"
防援の戦技Ⅳ＆練気Ⅳ・Ⅲ,"[バトル開始時]
味方生存者全体に「ディフェンスアップ」(効果大)を付与する
自身に「ディフェンスアップ」(効果超極大)を付与する
自身のBPを回復する(+4)

[攻撃命中時]
自身のBPを回復する(+3)"
高潔なる剣技,"[バトル開始時]
敵全体に「流麗なる貴針(200回)」(効果20ターン)を付与する
敵全体に「流麗なる貴言(1回)」(効果ターン数制限なし)を付与する"
小剣の天稟・真Ⅵ＆練気Ⅲ・Ⅲ,"Resist攻撃を受けた時、被ダメージを軽減する(効果超極大)
Resist攻撃を受けた時、敵の攻撃を回避する(確率大)

[バトル開始時]
自身に「ウェポンエンハンス(小剣)」(効果極大)を付与する
自身のBPを回復する(+3)

[攻撃命中時]
自身のBPを回復する(+3)"
人としての矜持,"[バトル開始時]
味方生存者全体に「エクストラフォース(熱/小)」(効果バトル中永続)を付与する
味方生存者全体に「ディフェンスアップ」(効果超極大)を付与する
味方生存者全体に「高貴なる熱源」(効果1ターン)を付与する
自身に「ターン終了時BP回復(+2)」(効果バトル中永続)を付与する
自身に「行動順補正上昇」(効果超極大+/効果バトル中永続)を付与する

[プロミネンスギフト(※)を発動後]
対象に「ヒートアップ」(効果超極大+)を付与する
対象に「エレメントエンハンス(熱)」(効果超極大+)を付与する
味方生存者全体に「ヒートアップ」(効果超極大+)を付与する
味方生存者全体に「エレメントエンハンス(熱)」(効果超極大+)を付与する
味方生存者全体に「防御強化」(効果極大/効果1ターン)を付与する
※「アビリティ効果により発動する技・術」「特殊状態の効果により発動する技・術」「技・術の効果により発動する技・術」「溜め技・術」「溜め状態を付与する技・術」「カウンター効果による反撃技・術」は含まない"
炎の領域,"[ターン開始時]
味方生存者全体に「エレメントエンハンス(熱)」(効果超極大+)を付与する(上限回数:バトル中2回)
味方生存者全体に「熱属性攻撃強化」(効果超極大/効果2ターン)を付与する
味方生存者全体の腕力・体力・器用さ・素早さ・知力・精神・愛・魅力を上昇させる(効果極大)"
攻援の戦技Ⅶ＆決意Ⅶ・Ⅴ,"[バトル開始時]
味方生存者全体に「ヒートアップ」(効果超極大)を付与する
自身に「ディフェンスアップ」(効果超極大)を付与する
自身のBPを回復する(+7)

[ターン終了時]
自身のBPを回復する(+5)"
戻らないあの頃,"[バトル開始時]
味方生存者全体に「ディフェンスアップ」(効果超極大)を付与する

[攻撃時]
味方生存者全体に「冷属性攻撃強化」(効果超極大/効果2ターン)を付与する
対象に「冷属性防御弱化」(効果超極大/効果2ターン)を付与する

[タイプが「攻撃」である技・術を命中させた時(※)]
「ツンドラリッパー」と「雪舞五閃」が発動する
(それぞれ技Rank1で発動)

[蒼花の光(※)を発動後]
対象に「エレメントエンハンス(冷)」(効果超極大+)を付与する
対象に「冷属性攻撃強化」(効果超極大+/効果5ターン)を付与する
対象の腕力・体力・器用さ・素早さ・知力・精神・愛・魅力を上昇させる(効果超極大+)
自身のBPを回復する(+10)

※「アビリティ効果により発動する技・術」「特殊状態の効果により発動する技・術」「技・術の効果により発動する技・術」「溜め技・術」「溜め状態を付与する技・術」「カウンター効果による反撃技・術」は含まない"
突冷激化Ⅵ(器用さ・素早さ),"[ターン開始時]
自身に「攻撃強化」(効果超極大/効果4ターン)を付与する
自身に「突属性攻撃強化」(効果特大/効果4ターン)を付与する
自身に「冷属性攻撃強化」(効果特大/効果4ターン)を付与する
自身の器用さ・素早さを上昇させる(効果特大)"
名ばかりの姫,"[タイプが「攻撃」である技・術を命中させた時(※)]
「夜天の氷雨」が発動する
(術Rank1で発動)

[ブリザードブレイク(※)を発動後]
自身の「シャドウフロストノヴァ」の使用回数制限を回復する(+1/バトル開始時点の回数より多くならない)

※「アビリティ効果により発動する技・術」「特殊状態の効果により発動する技・術」「技・術の効果により発動する技・術」「溜め技・術」「溜め状態を付与する技・術」「カウンター効果による反撃技・術」は含まない

[ターン終了時]
一定の確率(確率特大)で、自身の「シャドウフロストノヴァ」の使用回数制限を回復する(+1/バトル開始時点の回数より多くならない)
気絶している場合、自身のHPを回復する(効果特大)
(毒ダメージで気絶したターンには発動しない)"
エレメントボルテージ(冷・陰),"[ターン開始時]
以下の効果が発動する(上限回数:バトル中3回)
・自身に「エレメントエンハンス(冷)」(効果超極大)を付与する
・自身に「エレメントエンハンス(陰)」(効果超極大)を付与する"
闘いの天稟・真Ⅶ＆練気Ⅹ・Ⅵ,"攻撃の与ダメージが上昇する(効果超極大)
Resist攻撃を受けた時、被ダメージを軽減する(効果超極大)
Resist攻撃を受けた時、敵の攻撃を回避する(確率大)

[バトル開始時]
自身のBPを回復する(+10)

[攻撃命中時]
自身のBPを回復する(+6)"
誰かの為の姫,"[バトル開始時]
味方生存者全体に「解呪」(効果バトル中永続)を付与する
味方生存者全体に「ディフェンスアップ」(効果超極大+)を付与する
自身に「ディフェンスアップ」(効果超極大)を付与する

[ターン開始時]
自身に「ダメージブロック(1回)」(効果ターン数制限なし)を付与する
自身の愛を上昇させる(効果超極大+)
味方生存者全体の魅力を上昇させる(効果超極大+)

[タイプが「攻撃」である技・術を命中させた時(※)]
「四光御降」と「ルミナスバースト」が発動する
(それぞれ術Rank1で発動)
※「アビリティ効果により発動する技・術」「特殊状態の効果により発動する技・術」「技・術の効果により発動する技・術」「溜め技・術」「溜め状態を付与する技・術」「カウンター効果による反撃技・術」は含まない

[バトル開始から数えて5の倍数のターン終了時]
自身の「フラワーサンクチュアリ」の使用回数制限を回復する(+1/バトル開始時点の回数より多くならない)"
闘援の戦技Ⅴ・Ⅰ＆決意Ⅵ・Ⅲ,"[バトル開始時]
味方生存者全体に「最大BP増加」(増加量5/効果バトル中永続)を付与する
自身に「ディフェンスアップ」(効果超極大)を付与する
自身のBPを回復する(+6)

[ターン開始時]
味方生存者全体に「消費BP減少」(減少量1/効果2ターン)を付与する

[ターン終了時]
自身のBPを回復する(+3)"
変わることのない運命,"[攻撃命中時]
自身に「突属性攻撃強化」(効果大/効果2ターン)を付与する
自身に「熱属性攻撃強化」(効果大/効果2ターン)を付与する
自身に「雷属性攻撃強化」(効果大/効果2ターン)を付与する
味方生存者全体に「攻撃強化」(効果超極大/効果3ターン)を付与する
味方生存者全体に「防御強化」(効果小/効果2ターン)を付与する

[轟雷千矢(※)を発動後]
「サンダーフォールアロー」が4回発動する
(技Rank1で発動)

[さみだれ炎弓(※)を発動後]
「さみだれ炎弓」が発動する
(技Rank1で発動)

※「アビリティ効果により発動する技・術」「特殊状態の効果により発動する技・術」「技・術の効果により発動する技・術」「溜め技・術」「溜め状態を付与する技・術」「カウンター効果による反撃技・術」は含まない"
突熱雷激化Ⅵ(器用さ),"[ターン開始時]
自身に「攻撃強化」(効果超極大/効果4ターン)を付与する
自身に「突属性攻撃強化」(効果特大/効果4ターン)を付与する
自身に「熱属性攻撃強化」(効果特大/効果4ターン)を付与する
自身に「雷属性攻撃強化」(効果特大/効果4ターン)を付与する
自身の器用さを上昇させる(効果特大)"
闘いの天稟・真Ⅶ＆練気Ⅹ・Ⅴ,"攻撃の与ダメージが上昇する(効果超極大)
Resist攻撃を受けた時、被ダメージを軽減する(効果超極大)
Resist攻撃を受けた時、敵の攻撃を回避する(確率大)

[バトル開始時]
自身のBPを回復する(+10)

[攻撃命中時]
自身のBPを回復する(+5)"
不自由な姫さま,"タイプが「攻撃」である技・術を命中させた時(※)]
「三重断斧」が発動する
(技Rank1で発動)

[双斧の共鳴(※)を発動後]
自身と対象に「ウィークエンチャントⅦ(5回)」(効果ターン数制限なし)を付与する

さらに、以下の効果が発動する(上限回数:バトル中1回)
・自身と対象に「ヒートアップ」(効果超極大+)を付与する
・自身と対象に「Weakヒートアップ」(効果超極大+)を付与する
・自身と対象に「ウェポンエンハンス(斧)」(効果超極大+)を付与する
・味方生存者全体に「ディフェンスアップ」(効果超極大)を付与する

※「アビリティ効果により発動する技・術」「特殊状態の効果により発動する技・術」「技・術の効果により発動する技・術」「溜め技・術」「溜め状態を付与する技・術」「カウンター効果による反撃技・術」は含まない"
逃げられない治療,"[攻撃命中時]
味方生存者全体に「攻撃強化」(効果極大/効果4ターン)を付与する
自身に「防御強化」(効果中/効果1ターン)を付与する

[タイプが「攻撃」である技・術を命中させた時(※)]
「斬裂の矢」が発動する
一定の確率(確率特大)で、「ホークアイシールド」が発動する
(それぞれ技Rank1で発動)

[千本お注射(※)を発動後]
「刃風弓・六連」が発動する
(技Rank1で発動)

※「アビリティ効果により発動する技・術」「特殊状態の効果により発動する技・術」「技・術の効果により発動する技・術」「溜め技・術」「溜め状態を付与する技・術」「カウンター効果による反撃技・術」は含まない

[ターン終了時]
このターンに自身がダメージを受けていなかった場合、以下の効果が発動する
・自身のODゲージを満タンにする
・自身のBPを回復する(+5)
・自身以外の味方生存者全体に「愛の注射(2回)」(効果ターン数制限なし)を付与する"
闘いの天稟・真Ⅶ＆練気Ⅶ・Ⅳ,"攻撃の与ダメージが上昇する(効果超極大)
Resist攻撃を受けた時、被ダメージを軽減する(効果超極大)
Resist攻撃を受けた時、敵の攻撃を回避する(確率大)

[バトル開始時]
自身のBPを回復する(+7)

[攻撃命中時]
自身のBPを回復する(+4)"
打突激化Ⅴ(腕力・素早さ),"[ターン開始時]
自身に「攻撃強化」(効果極大/効果4ターン)を付与する
自身に「打属性攻撃強化」(効果特大/効果4ターン)を付与する
自身に「突属性攻撃強化」(効果特大/効果4ターン)を付与する
自身の腕力・素早さを上昇させる(効果特大)"
革命の一撃Ⅱ,"[攻撃命中時]
味方生存者全体に「攻撃強化」(効果中/効果2ターン)を付与する
味方生存者全体に「防御強化」(効果小/効果2ターン)を付与する
味方生存者全体の腕力・体力・器用さ・素早さ・知力・精神・愛・魅力を上昇させる(効果中)"
体術の天稟・真Ⅵ＆練気Ⅲ・Ⅱ,"Resist攻撃を受けた時、被ダメージを軽減する(効果超極大)
Resist攻撃を受けた時、敵の攻撃を回避する(確率大)

[バトル開始時]
自身に「ウェポンエンハンス(体術)」(効果極大)を付与する
自身のBPを回復する(+3)

[攻撃命中時]
自身のBPを回復する(+2)"
刻まれた記憶,"[バトル開始時]
自身に「エクストラフォース(斬/小)」(効果バトル中永続)を付与する

[攻撃命中時]
対象の腕力・体力・器用さ・素早さ・知力・精神・愛・魅力を低下させる(効果特大)

[タイプが「攻撃」である技・術を命中させた時(※)]
対象に「致命の烙印(冷/中)」(効果2ターン)を付与する
「砕氷八斬」が発動する
(技Rank1で発動)

[冷鬼八旋または絶零十六閃を発動後(※)]
対象に「致命の烙印(冷/大)」(効果2ターン)を付与する

※「アビリティ効果により発動する技・術」「特殊状態の効果により発動する技・術」「技・術の効果により発動する技・術」「溜め技・術」「溜め状態を付与する技・術」「カウンター効果による反撃技・術」は含まない"
斬冷活性Ⅲ(腕力・精神),"[攻撃時]
味方生存者全体に「攻撃強化」(効果大/効果2ターン)を付与する
自身に「斬属性攻撃強化」(効果大/効果2ターン)を付与する
自身に「冷属性攻撃強化」(効果大/効果2ターン)を付与する
自身の腕力・精神を上昇させる(効果中)"
闘いの極み・真Ⅷ＆練気Ⅹ・Ⅴ,"攻撃の与ダメージが上昇する(効果超極大+)
かつ、攻撃を受けた時、被ダメージを軽減する(効果超極大)

[バトル開始時]
自身のBPを回復する(+10)

[攻撃命中時]
自身のBPを回復する(+5)"
44番目の寵姫,"[バトル開始時]
味方生存者全体に「ディフェンスアップ」(効果超極大)を付与する
自身に「最大BP増加」(増加量10/効果バトル中永続)を付与する
自身に「ターン終了時ODゲージ上昇(満タン)」(効果バトル中永続)を付与する

[攻撃時]
味方生存者全体に「攻撃強化」(効果超極大/効果2ターン)を付与する
味方生存者全体の腕力・体力・器用さ・素早さ・知力・精神・愛・魅力を上昇させる(効果極大)

[打属性を含む攻撃を命中させた時(※)]
「輝天昇斬＋」が3回発動する
(技Rank1で発動)

[突属性を含む攻撃を命中させた時(※)]
「ワイルドスラスト」と「ライオネススクラッチ」が発動する
(それぞれ技Rank1で発動)

※「アビリティ効果により発動する技・術」「特殊状態の効果により発動する技・術」「技・術の効果により発動する技・術」「溜め技・術」「溜め状態を付与する技・術」「カウンター効果による反撃技・術」は含まない"
グラディエーターフィールド,"[ターン開始時]
味方生存者全体に「エレメントエンハンス(斬)」(効果極大)を付与する(上限回数:バトル中3回)
味方生存者全体に「エレメントエンハンス(打)」(効果極大)を付与する(上限回数:バトル中3回)
味方生存者全体に「エレメントエンハンス(突)」(効果極大)を付与する(上限回数:バトル中3回)
味方生存者全体の腕力・体力・器用さ・素早さ・知力・精神・愛・魅力を上昇させる(効果大)"
ナジュ王国の姫君,"[バトル開始時] 
味方生存者全体のODゲージを満タンにする

[ターン開始時]
敵全体に「攻撃の楔Ⅰ」(効果1ターン)を付与する
味方生存者全体に「防御強化」(効果極大/効果2ターン)を付与する
味方生存者全体の体力・精神・愛・魅力を上昇させる(効果超極大)
味方生存者全体のすべての状態異常耐性を上昇させる(効果超極大)

[ミスティックステップまたはウグニヤヌールを発動後(※)]
味方生存者全体に「ターン終了時BP回復(+3)」(効果1ターン)を付与する
味方生存者全体に「ターン終了時ODゲージ上昇(極大)」(効果1ターン)を付与する
味方生存者全体に「ターン終了時HP回復」(効果極小/効果1ターン)を付与する

※「アビリティ効果により発動する技・術」「特殊状態の効果により発動する技・術」「技・術の効果により発動する技・術」「溜め技・術」「溜め状態を付与する技・術」「カウンター効果による反撃技・術」は含まない"
ジャミングフィールド,"[ターン開始時]
敵全体に「ディフェンスダウン」(効果中)を付与する(上限回数:バトル中5回)
敵全体の腕力・体力・器用さ・素早さ・知力・精神・愛・魅力を低下させる(効果特大)"
妨害の戦技Ⅴ＆決意Ⅶ・Ⅴ,"[バトル開始時]
敵全体に「ヒートダウン」(効果特大)を付与する
自身に「ディフェンスアップ」(効果超極大)を付与する
自身のBPを回復する(+7)

[ターン終了時] 自身のBPを回復する(+5)"
みんな私の虜,"[タイプが「攻撃」である技・術を命中させた時(※)]
「黒雷三連弾」が発動する
(術Rank1で発動)

[ノワールエクレールを発動後(※)]
味方生存者全体に「防御強化」(効果極大/効果1ターン)を付与する

[冥霆破を発動後(※)]
味方生存者全体に「防御強化」(効果極大/効果1ターン)を付与する
味方生存者全体に「アタックエンチャントⅦ(雷・陰)(1回)」(効果ターン数制限なし)を付与する

[ターコイズオーグメントを発動後(※)]
対象に「ヒートアップ」(効果超極大+)を付与する
対象に「デュアルエンハンス(雷・陰)」(効果超極大+)を付与する
味方生存者全体に「デュアルエンハンス(雷・陰)」(効果超極大+)を付与する
味方生存者全体に「ディフェンスアップ」(効果超極大)を付与する
味方生存者全体に「アタックエンチャントⅦ(雷・陰)(1回)」(効果ターン数制限なし)を付与する
味方生存者全体に「ターン終了時BP回復(+3)」(効果1ターン)を付与する
自身に「ターン終了時BP回復(+6)」(効果1ターン)を付与する

※「アビリティ効果により発動する技・術」「特殊状態の効果により発動する技・術」「技・術の効果により発動する技・術」「溜め技・術」「溜め状態を付与する技・術」「カウンター効果による反撃技・術」は含まない"
エレメントフィールド(雷・陰),"[ターン開始時]
味方生存者全体に「デュアルエンハンス(雷・陰)」(効果極大)を付与する(上限回数:バトル中5回)
味方生存者全体の腕力・体力・器用さ・素早さ・知力・精神・愛・魅力を上昇させる(効果大)"
攻援の戦技Ⅶ＆練気Ⅹ・Ⅴ,"[バトル開始時]
味方生存者全体に「ヒートアップ」(効果超極大)を付与する
自身に「ディフェンスアップ」(効果超極大)を付与する
自身のBPを回復する(+10)

[攻撃命中時]
自身のBPを回復する(+5)"
全てが変わった刻,"[バトル開始時]
味方生存者全体の腕力・体力・器用さ・素早さ・知力・精神・愛・魅力を上昇させる(効果超極大+)
味方生存者全体に「ヒートアップ」(効果超極大+)を付与する
味方生存者全体に「Weakヒートアップ」(効果超極大+)を付与する
味方生存者全体に「ディフェンスアップ」(効果極大)を付与する
味方生存者全体に「最大BP増加」(増加量10/効果バトル中永続)を付与する
味方生存者全体のBPを回復する(+10)"
救世の神託,"[ターン開始時]
味方生存者全体の腕力・体力・器用さ・素早さ・知力・精神・愛・魅力を上昇させる(効果超極大+)
味方生存者全体に「攻撃強化」(効果超極大+/効果2ターン)を付与する
味方生存者全体に「Weak攻撃強化」(効果超極大+/効果2ターン)を付与する
味方生存者全体に「防御強化」(効果特大/効果2ターン)を付与する"
攻援の戦技Ⅶ＆決意Ⅹ・Ⅶ,"[バトル開始時]
味方生存者全体に「ヒートアップ」(効果超極大)を付与する
自身に「ディフェンスアップ」(効果超極大)を付与する
自身のBPを回復する(+10)

[ターン終了時]
自身のBPを回復する(+7)"
七英雄の剣技,"[攻撃命中時]
自身に「攻撃強化」(効果極大/効果4ターン)を付与する
自身に「斬属性攻撃強化」(効果特大/効果4ターン)を付与する
自身に「陰属性攻撃強化」(効果特大/効果4ターン)を付与する
自身の腕力を上昇させる(効果特大)
対象の体力を低下させる(効果特大)

[攻勢始動または覇道暗黒斬を発動後(※)]
「漆黒連閃」が発動する
(技Rank1で発動)

※「アビリティ効果により発動する技・術」「特殊状態の効果により発動する技・術」「技・術の効果により発動する技・術」「溜め技・術」「溜め状態を付与する技・術」「カウンター効果による反撃技・術」は含まない"
七英雄の体技,"[攻撃命中時]
味方生存者全体に「攻撃強化」(効果極大/効果2ターン)を付与する
味方生存者全体に「Weak攻撃強化」(効果特大/効果2ターン)を付与する
味方生存者全体に「防御強化」(効果小/効果2ターン)を付与する
味方生存者全体の腕力・器用さ・素早さ・知力を上昇させる(効果小)
対象の体力・精神を低下させる(効果小)

[攻勢始動またはバーニングインパクトを発動後(※)]
「クリメイションラッシュ」が発動する
(技Rank1で発動)

※「アビリティ効果により発動する技・術」「特殊状態の効果により発動する技・術」「技・術の効果により発動する技・術」「溜め技・術」「溜め状態を付与する技・術」「カウンター効果による反撃技・術」は含まない"
闘いの天稟・真Ⅶ＆練気Ⅴ・Ⅱ,"攻撃の与ダメージが上昇する(効果超極大)
Resist攻撃を受けた時、被ダメージを軽減する(効果超極大)
Resist攻撃を受けた時、敵の攻撃を回避する(確率大)

[バトル開始時]
自身のBPを回復する(+5)

[攻撃命中時]
自身のBPを回復する(+2)"
鋭い足技,"[バトル開始時]
自身に「エクストラフォース(打/小)」(効果バトル中永続)を付与する
自身に「ダメージブロック(10回)」(効果ターン数制限なし)を付与する

[タイプが「攻撃」である技・術を命中させた時(※)]
「飛翔連炎脚」が発動する
(技Rank1で発動)

※「アビリティ効果により発動する技・術」「特殊状態の効果により発動する技・術」「技・術の効果により発動する技・術」「溜め技・術」「溜め状態を付与する技・術」「カウンター効果による反撃技・術」は含まない

[ターン終了時]
そのターンに自身がダメージを受けていなかった場合、以下の効果が発動する
・自身のODゲージを満タンにする
・自身のBPを回復する(+3)
・自身に「燃え上がる忍術(1回)」(効果ターン数制限なし)を付与する
・自身の「飛翔連炎脚」の使用回数制限を回復する(+1/バトル開始時点の回数より多くならない)"
エレメントボルテージ(打・熱),"[ターン開始時]
以下の効果が発動する(上限回数:バトル中3回)
・自身に「エレメントエンハンス(打)」(効果超極大)を付与する
・自身に「エレメントエンハンス(熱)」(効果超極大)を付与する"
闘いの天稟・真Ⅶ＆練気Ⅶ・Ⅵ,"攻撃の与ダメージが上昇する(効果超極大)
Resist攻撃を受けた時、被ダメージを軽減する(効果超極大)
Resist攻撃を受けた時、敵の攻撃を回避する(確率大)

[バトル開始時]
自身のBPを回復する(+7)

[攻撃命中時]
自身のBPを回復する(+6)"
水のように舞う,"[バトル開始時]
味方生存者全体のODゲージを満タンにする
味方生存者全体に「キャッシュバック」(効果バトル中永続)を付与する

[ターン開始時]
自身に「行動順補正上昇」(効果極大/効果3ターン)を付与する
味方生存者全体に「攻撃強化」(効果超極大+/効果3ターン)を付与する
味方生存者全体に「連携攻撃強化」(効果超極大+/効果3ターン)を付与する
味方生存者全体に「防御強化」(効果中/効果3ターン)を付与する
味方生存者全体の腕力・器用さ・素早さ・知力を上昇させる(効果中)

[タイプが「攻撃」である技・術を命中させた時(※)]
「くるくる三撃」が発動する
(技Rank1で発動)

※「アビリティ効果により発動する技・術」「特殊状態の効果により発動する技・術」「技・術の効果により発動する技・術」「溜め技・術」「溜め状態を付与する技・術」「カウンター効果による反撃技・術」は含まない"
絆の領域,"[ターン開始時]
味方生存者全体に「連携エンハンス」(効果超極大+)を付与する(上限回数:バトル中3回)
味方生存者全体に「連携攻撃強化」(効果超極大/効果3ターン)を付与する
味方生存者全体の腕力・体力・器用さ・素早さ・知力・精神・愛・魅力を上昇させる(効果極大)"
攻援の戦技Ⅶ＆練気Ⅴ・Ⅴ,"[バトル開始時]
味方生存者全体に「ヒートアップ」(効果超極大)を付与する
自身に「ディフェンスアップ」(効果超極大)を付与する
自身のBPを回復する(+5)

[攻撃命中時]
自身のBPを回復する(+5)"
命を喰らう女王,"[バトル開始時]
自身に「エクストラフォース(打/中)」(効果バトル中永続)を付与する
自身以外の味方生存者全体に「アタックボルテージⅦ(打・熱)」(効果1ターン)を付与する
自身以外の味方生存者全体に「ブレイクボルテージⅥ(打・熱)」(効果1ターン)を付与する
味方生存者全体に「エレメントエンハンス(打)」(効果超極大)を付与する
味方生存者全体に「エレメントエンハンス(熱)」(効果超極大)を付与する
味方生存者全体に「ディフェンスアップ」(効果超極大)を付与する

[ターン開始時]
自身に「ヒートアップ(獄炎爪殺法)」(効果超極大+)を2個付与する(上限回数:バトル中5回)
味方生存者全体に「打属性攻撃強化」(効果超極大/効果2ターン)を付与する
味方生存者全体に「熱属性攻撃強化」(効果超極大/効果2ターン)を付与する

[タイプが「攻撃」である技・術を命中させた時(※)]
「獄炎爪殺法」が2回発動する
(技Rank1で発動)

[獄炎爪殺法を発動後(※)]
自身に「エクストラフォース(獄炎爪殺法/大)」(効果1ターン)を付与する
ただし、自身以外の味方生存者全体が代償ダメージを受ける(対象の最大HPの50%)
※代償ダメージは被ダメージ軽減効果によって軽減できない

※「アビリティ効果により発動する技・術」「特殊状態の効果により発動する技・術」「技・術の効果により発動する技・術」「溜め技・術」「溜め状態を付与する技・術」「カウンター効果による反撃技・術」は含まない"
エレメントフィールド(打・熱),"[ターン開始時]
味方生存者全体に「デュアルエンハンス(打・熱)」(効果極大)を付与する(上限回数:バトル中5回)
味方生存者全体の腕力・体力・器用さ・素早さ・知力・精神・愛・魅力を上昇させる(効果大)"
変幻自在の斧技,"[タイプが「攻撃」である技・術を命中させた時(※)]
「クリムゾンワール」が発動する
(技Rank1で発動)

[バトル開始から数えて3の倍数のターン終了時]
自身の「クリムゾンワール」の使用回数制限を回復する(+1/バトル開始時点の回数より多くならない)

[ターン終了時]
一定の確率(確率特大)で、自身の「クリムゾンワール」の使用回数制限を回復する(+1/バトル開始時点の回数より多くならない)

※「アビリティ効果により発動する技・術」「特殊状態の効果により発動する技・術」「技・術の効果により発動する技・術」「溜め技・術」「溜め状態を付与する技・術」「カウンター効果による反撃技・術」は含まない"
エレメントボルテージ(斬・打),"[ターン開始時]
以下の効果が発動する(上限回数:バトル中3回)
・自身に「エレメントエンハンス(斬)」(効果超極大)を付与する
・自身に「エレメントエンハンス(打)」(効果超極大)を付与する"
闘いの天稟・真Ⅶ＆練気Ⅹ・Ⅳ,"攻撃の与ダメージが上昇する(効果超極大)
Resist攻撃を受けた時、被ダメージを軽減する(効果超極大)
Resist攻撃を受けた時、敵の攻撃を回避する(確率大)

[バトル開始時]
自身のBPを回復する(+10)

[攻撃命中時]
自身のBPを回復する(+4)"
悩める青年,"[バトル開始時]
自身に「チェインアーツ(シュトゥルムジーベン)」(効果バトル中永続)を付与する
自身に「最大BP増加」(増加量10/効果バトル中永続)を付与する
敵全体に「ディフェンスダウン」(効果超極大+)を付与する
敵全体に「防御弱化」(効果超極大+/効果3ターン)を付与する
味方生存者全体に「ヒートアップ」(効果超極大+/効果3ターン)を付与する
味方生存者全体に「攻撃強化」(効果超極大+/効果3ターン)を付与する
ただし、自身に「躊躇いの心」(効果バトル中永続)を付与する

[ターン終了時]
一定の確率(確率特大)で、自身の「シュトゥルムジーベン」の使用回数制限を回復する(+1/バトル開始時点の回数より多くならない)"
攻援の戦技Ⅶ＆練気Ⅹ・Ⅲ,"[バトル開始時]
味方生存者全体に「ヒートアップ」(効果超極大)を付与する
自身に「ディフェンスアップ」(効果超極大)を付与する
自身のBPを回復する(+10)

[攻撃命中時]
自身のBPを回復する(+3)"
憧憬の槍術,"[バトル開始時]
自身のODゲージを満タンにする
味方生存者全体に「エクストラフォース(Weak/極小)」(効果バトル中永続)を付与する
味方生存者全体に「ヒートアップ」(効果超極大+)を付与する
味方生存者全体に「エンハンスソーサリー」(効果超極大+)を付与する

[タイプが「攻撃」である技・術を命中させた時(※)]
「シーネフォ・ペトラ」が2回発動する
「剛土二破」が発動する
(それぞれ術Rank1で発動)

[ターン終了時]
自身のODゲージを満タンにする

※「アビリティ効果により発動する技・術」「特殊状態の効果により発動する技・術」「技・術の効果により発動する技・術」「溜め技・術」「溜め状態を付与する技・術」「カウンター効果による反撃技・術」は含まない"
術攻激化Ⅲ,"[術攻撃時]
味方生存者全体の腕力・体力・器用さ・素早さ・知力・精神・愛・魅力を上昇させる(効果小)
味方生存者全体に「攻撃強化」(効果中/効果2ターン)を付与する
味方生存者全体に「攻撃強化(術)」(効果大/効果2ターン)を付与する"
攻援の戦技Ⅶ＆練気Ⅹ・Ⅱ,"[バトル開始時]
味方生存者全体に「ヒートアップ」(効果超極大)を付与する
自身に「ディフェンスアップ」(効果超極大)を付与する
自身のBPを回復する(+10)

[攻撃命中時]
自身のBPを回復する(+2)"
身軽な剣技,"[バトル開始時]
自身に「エクストラフォース(輝閃連斬剣/中)」(効果バトル中永続)を付与する
自身に「エクストラフォース(全体・範囲/中)」(効果2ターン)を付与する
味方生存者全体に「ディフェンスアップ」(効果極大)を付与する

[単体攻撃を発動後(※)]
「アサルトトルネード」が発動する
(技Rank1で発動)

[輝閃連斬剣を発動後(※)]
「輝閃連斬剣」が発動する
(技Rank1で発動)

[トリニティエッジを発動後(※)]
「アサルトトルネード」が発動する
(技Rank1で発動)

※「アビリティ効果により発動する技・術」「特殊状態の効果により発動する技・術」「技・術の効果により発動する技・術」「溜め技・術」「溜め状態を付与する技・術」「カウンター効果による反撃技・術」は含まない"
闘いの極み・真Ⅷ＆練気Ⅶ・Ⅵ,"攻撃の与ダメージが上昇する(効果超極大+)
かつ、攻撃を受けた時、被ダメージを軽減する(効果超極大)

[バトル開始時]
自身のBPを回復する(+7)

[攻撃命中時]
自身のBPを回復する(+6)"
一途な想い,"[バトル開始時]
味方生存者全体に「エクストラフォース(Weak/極小)」(効果バトル中永続)を付与する

[ターン開始時]
味方生存者全体に「斬・打・突属性攻撃強化」(効果超極大/効果1ターン)を付与する
味方生存者全体に「防御強化」(効果極大/効果1ターン)を付与する
味方生存者全体の腕力・体力・器用さ・素早さ・知力・精神・愛・魅力を上昇させる(効果大)
自身に「防御強化」(効果大/効果1ターン)を付与する
自身に「行動順補正上昇」(効果極大/効果2ターン)を付与する

[タイプが「攻撃」である技・術を命中させた時(※)]
「フローラルアタック」が発動する
(技Rank1で発動)

※「アビリティ効果により発動する技・術」「特殊状態の効果により発動する技・術」「技・術の効果により発動する技・術」「溜め技・術」「溜め状態を付与する技・術」「カウンター効果による反撃技・術」は含まない"
増幅戦技Ⅵ,"[斬・打・突属性のいずれかを含む攻撃時]
以下の効果が発動する
・自身に「攻撃強化」(効果超極大/効果4ターン)を付与する
・自身に「斬・打・突属性攻撃強化」(効果超極大/効果4ターン)を付与する
・自身の腕力・器用さ・素早さ・知力を上昇させる(効果極大)"
闘援の戦技Ⅴ・Ⅰ＆決意Ⅴ・Ⅲ,"[バトル開始時]
味方生存者全体に「最大BP増加」(増加量5/効果バトル中永続)を付与する
自身に「ディフェンスアップ」(効果超極大)を付与する
自身のBPを回復する(+5)

[ターン開始時]
味方生存者全体に「消費BP減少」(減少量1/効果2ターン)を付与する

[ターン終了時]
自身のBPを回復する(+3)"
目醒めの弓士,"[バトル開始時]
敵全体に「急所の誓針(50回)」(効果5ターン)を付与する
敵全体に「急所の誓言(1回)」(効果ターン数制限なし)を付与する

[ターン開始時]
味方生存者全体に「Weak攻撃強化」(効果超極大+/効果2ターン)を付与する
味方生存者全体に「防御強化」(効果極大/効果1ターン)を付与する

[タイプが「攻撃」である技・術を命中させた時(※)]
「斬裂の矢」が発動する
(技Rank1で発動)

[コンバージフラワーアローを発動後(※)]
「ブルームアローシャワー」が2回発動する
(技Rank1で発動)

※「アビリティ効果により発動する技・術」「特殊状態の効果により発動する技・術」「技・術の効果により発動する技・術」「溜め技・術」「溜め状態を付与する技・術」「カウンター効果による反撃技・術」は含まない"
攻援の戦技Ⅶ＆練気Ⅶ・Ⅴ,"[バトル開始時]
味方生存者全体に「ヒートアップ」(効果超極大)を付与する
自身に「ディフェンスアップ」(効果超極大)を付与する
自身のBPを回復する(+7)

[攻撃命中時]
自身のBPを回復する(+5)"
鼻歌の演奏者,"[バトル開始時]
味方生存者全体に「ウェポンリンクⅢ(剣)」(効果バトル中永続)を付与する
味方生存者全体に「エクストラフォース(剣/極小)」(効果バトル中永続)を付与する
味方生存者全体に「オーバーエンハンス」(効果超極大)を付与する
自身に「ソードリンク」(効果1ターン)を付与する"
チェインアーツ(ブルースタンピード),"[タイプが「攻撃」である技・術を命中させた時(※)]
「ブルースタンピード」が発動する
(技Rank1で発動)
※「アビリティ効果により発動する技・術」「特殊状態の効果により発動する技・術」「技・術の効果により発動する技・術」「溜め技・術」「溜め状態を付与する技・術」「カウンター効果による反撃技・術」は含まない"
攻援の戦技Ⅵ＆決意Ⅲ,"[バトル開始時]
味方生存者全体に「ヒートアップ」(効果極大)を付与する
自身に「ディフェンスアップ」(効果超極大)を付与する

[ターン終了時]
自身のBPを回復する(+3)"
竜と人との盟約,"味方生存者全体の全ての攻撃が[特効:浮遊]になる

[バトル開始時]
味方生存者全体に「共闘の記憶」(効果バトル中永続)を付与する"
氷上の剣士,"[攻撃時]
味方生存者全体の腕力・体力・器用さ・素早さ・知力・精神・愛・魅力を上昇させる(効果大)
味方生存者全体に「攻撃強化」(効果超極大+/効果2ターン)を付与する
味方生存者全体に「防御強化」(効果中/効果2ターン)を付与する

[タイプが「攻撃」である技・術を命中させた時(※)]
「真空氷斬」が発動する
(技Rank1で発動)

[白刃霜天斬を発動後(※)]
「真空氷斬」と「氷雪六剛斬」が発動する
(それぞれ技Rank1で発動)

※「アビリティ効果により発動する技・術」「特殊状態の効果により発動する技・術」「技・術の効果により発動する技・術」「溜め技・術」「溜め状態を付与する技・術」「カウンター効果による反撃技・術」は含まない"
斬冷激化Ⅵ(腕力・体力),"[ターン開始時]
自身に「攻撃強化」(効果超極大/効果4ターン)を付与する
自身に「斬属性攻撃強化」(効果特大/効果4ターン)を付与する
自身に「冷属性攻撃強化」(効果特大/効果4ターン)を付与する
自身の腕力・体力を上昇させる(効果特大)"
闘いの極み・真Ⅷ＆練気Ⅹ・Ⅱ,"攻撃の与ダメージが上昇する(効果超極大+)
かつ、攻撃を受けた時、被ダメージを軽減する(効果超極大)

[バトル開始時]
自身のBPを回復する(+10)

[攻撃命中時]
自身のBPを回復する(+2)"
ユーステルムの傭兵,"[バトル開始時]
自身に「エクストラフォース(斬/中)」(効果バトル中永続)を付与する
味方生存者全体に「必殺の心得Ⅵ(水棲・魚)」(効果バトル中永続)を付与する
味方生存者全体に「狩人の慧眼(2回)」(効果1ターン)を付与する

[ターン開始時]
味方生存者全体に「狩人の慧眼(1回)」(効果1ターン)を付与する

[テトラスラッシュを発動後(※)]
「テトラスラッシュ」が発動する
(技Rank1で発動)

[四連劫火斬を発動後(※)]
「四連劫火斬」が発動する
(技Rank1で発動)

[閃光十紋衝を発動後(※)]
「閃光十紋衝」が発動する
(技Rank1で発動)

※「アビリティ効果により発動する技・術」「特殊状態の効果により発動する技・術」「技・術の効果により発動する技・術」「溜め技・術」「溜め状態を付与する技・術」「カウンター効果による反撃技・術」は含まない"
必殺の間合い,"[ターン開始時]
味方生存者全体に「攻撃強化」(効果超極大/効果1ターン)を付与する
味方生存者全体に「Critical攻撃強化」(効果超極大+/効果1ターン)を付与する
味方生存者全体に「防御強化」(効果小/効果1ターン)を付与する
味方生存者全体の腕力・体力・器用さ・素早さ・知力・精神・愛・魅力を上昇させる(効果大)
敵全体に「防御弱化」(効果超極大/効果1ターン)を付与する"
闘いの極み・真Ⅷ＆練気Ⅳ・Ⅵ,"攻撃の与ダメージが上昇する(効果超極大+)
かつ、攻撃を受けた時、被ダメージを軽減する(効果超極大)

[バトル開始時]
自身のBPを回復する(+4)

[攻撃命中時]
自身のBPを回復する(+6)"
氷原を進む海賊,"[ターン開始時]
自身に「エクストラフォース(斬/小)」(効果1ターン)を付与する
自身に「エクストラフォース(打/小)」(効果1ターン)を付与する
自身に「エクストラフォース(突/小)」(効果1ターン)を付与する
味方生存者全体に「防御強化」(効果極大/効果1ターン)を付与する
味方生存者全体に「海賊の斬技(2回)」(効果2ターン)を付与する
味方生存者全体に「海賊の打技(2回)」(効果2ターン)を付与する
味方生存者全体に「海賊の突技(2回)」(効果2ターン)を付与する
敵全体に「ツインマーカー(斬・冷/防御弱化)」(効果1ターン)を付与する
敵全体に「ツインマーカー(打・冷/力・器・速・知)」(効果1ターン)を付与する
敵全体に「ツインマーカー(突・冷/体・精・愛・魅)」(効果1ターン)を付与する"
大海賊の斧技,"[斬属性を含む攻撃時]
味方生存者全体のBPを回復する(+2)

[打属性を含む攻撃時]
味方生存者全体のHPを回復する(効果極小)

[突属性を含む攻撃時]
味方生存者全体に「ターン終了時ODゲージ上昇(小)」(効果1ターン)を付与する

[タイプが「攻撃」である技・術を命中させた時(※)]
「氷閃輪転」が発動する
「スローフロストアクス」が発動する
「霜突豪斧」が発動する
(それぞれ技Rank1で発動)

[斬属性を含む攻撃を発動後(※)]
「氷閃輪転」が発動する
(技Rank1で発動)

[打属性を含む攻撃を発動後(※)]
「スローフロストアクス」が発動する
(技Rank1で発動)

[突属性を含む攻撃を発動後(※)]
「霜突豪斧」が発動する
(技Rank1で発動)

※「アビリティ効果により発動する技・術」「特殊状態の効果により発動する技・術」「技・術の効果により発動する技・術」「溜め技・術」「溜め状態を付与する技・術」「カウンター効果による反撃技・術」は含まない"
闘いの極み・真Ⅷ＆練気Ⅶ・Ⅱ,"攻撃の与ダメージが上昇する(効果超極大+)
かつ、攻撃を受けた時、被ダメージを軽減する(効果超極大)

[バトル開始時]
自身のBPを回復する(+7)

[攻撃命中時]
自身のBPを回復する(+2)"
ゆきだるまの夢,"[雪玉ノックを発動後(※)]
「雪玉ノック」が発動する
(技Rank1で発動)
自身を「カウンター」状態(効果1ターン)にする

反撃技:雪玉ノック
(技Rank1で発動)

[十連氷棍を発動後(※)]
「十連氷棍」が発動する
(技Rank1で発動)
自身を「カウンター」状態(効果1ターン)にする

反撃技:十連氷棍
(技Rank1で発動)

[ゆきだるまタックルを発動後(※)]
「ゆきだるまタックル」が発動する
(技Rank1で発動)
自身を「カウンター」状態(効果1ターン)にする

反撃技:ゆきだるまタックル
(技Rank1で発動)

※「アビリティ効果により発動する技・術」「特殊状態の効果により発動する技・術」「技・術の効果により発動する技・術」「溜め技・術」「溜め状態を付与する技・術」「カウンター効果による反撃技・術」は含まない"
永久氷晶と共に,"[バトル開始時]
自身に「属性ダメージ無効(熱)」(効果バトル中永続)を付与する
自身に「属性ダメージ無効(冷)」(効果バトル中永続)を付与する
自身に「エクストラフォース(打/小)」(効果バトル中永続)を付与する

[ターン開始時]
自身に「防御強化」(効果超極大/効果2ターン)にする
自身を「挑発」状態(効果中/効果2ターン)にする
自身以外の味方生存者全体を「ステルス」状態(効果中/効果2ターン)にする

[攻撃を受けてHP0になる時]
最大HPの100%でふみとどまる(上限回数:バトル中1回)"
キミを助ける！,"[攻撃命中時]
味方生存者全体に「防御強化」(効果中/効果2ターン)を付与する
味方生存者全体の腕力・体力・器用さ・素早さ・知力・精神・愛・魅力を上昇させる(効果大)

[クワトロビン・Vを発動後(※)]
「クワトロビン・V」が2回発動する
(技Rank1で発動)

[クワトロビン・Hを発動後(※)]
「クワトロビン・H」が2回発動する
(技Rank1で発動)

[ジャッジメントロビンを発動後(※)]
「クワトロビン・V」と「クワトロビン・H」がそれぞれ3回発動する
(それぞれ技Rank1で発動)

※「アビリティ効果により発動する技・術」「特殊状態の効果により発動する技・術」「技・術の効果により発動する技・術」「溜め技・術」「溜め状態を付与する技・術」「カウンター効果による反撃技・術」は含まない"
突雷激化Ⅵ(器用さ・素早さ),"[ターン開始時]
自身に「攻撃強化」(効果超極大/効果4ターン)を付与する
自身に「突属性攻撃強化」(効果特大/効果4ターン)を付与する
自身に「雷属性攻撃強化」(効果特大/効果4ターン)を付与する
自身の器用さ・素早さを上昇させる(効果特大)"
理想のクマちゃん,"[バトル開始時]
味方生存者全体のODゲージを満タンにする
味方生存者全体に「オーバーエンハンス」(効果超極大+)を付与する
自身以外の味方生存者全体に「オーバーチャージ」(効果バトル中永続)を付与する

[OD攻撃を発動後(※)]
「削岩散らし」が2回発動する
(技Rank1で発動)

※「アビリティ効果により発動する技・術」「特殊状態の効果により発動する技・術」「技・術の効果により発動する技・術」「溜め技・術」「溜め状態を付与する技・術」「カウンター効果による反撃技・術」は含まない"
オーバーチャージ,"[OD攻撃時]
味方生存者全体の腕力・体力・器用さ・素早さ・知力・精神・愛・魅力を上昇させる(効果小)
味方生存者全体に「攻撃強化」(効果大/効果2ターン)を付与する
味方生存者全体に「OD攻撃強化」(効果特大/効果2ターン)を付与する
味方生存者全体に「防御強化」(効果小/効果1ターン)を付与する"
攻援の戦技Ⅶ＆練気Ⅶ・Ⅲ,"[バトル開始時]
味方生存者全体に「ヒートアップ」(効果超極大)を付与する
自身に「ディフェンスアップ」(効果超極大)を付与する
自身のBPを回復する(+7)

[攻撃命中時]
自身のBPを回復する(+3)"
絶唱を奏でる詩人,"[バトル開始時]
味方生存者全体に「アトリビュートブーストⅦ(突・陽)(1回)」(効果ターン数制限なし)を付与する
味方生存者全体に「最大BP増加」(増加量5/効果バトル中永続)を付与する
味方生存者全体のBPを回復する(+5)

[ターン開始時]
味方生存者全体に「攻撃強化」(効果超極大+/効果1ターン)を付与する
味方生存者全体の腕力・体力・器用さ・素早さ・知力・精神・愛・魅力を上昇させる(効果大)

[タイプが「攻撃」である技・術を命中させた時(※)]
「練気光弓」が発動する
(技Rank1で発動)

[幻詩花伝を発動後(※)]
「さみだれ飛光弓」が2回発動する
(技Rank1で発動)

※「アビリティ効果により発動する技・術」「特殊状態の効果により発動する技・術」「技・術の効果により発動する技・術」「溜め技・術」「溜め状態を付与する技・術」「カウンター効果による反撃技・術」は含まない"
闘援の戦技Ⅴ・Ⅰ＆練気Ⅴ・Ⅲ,"[バトル開始時]
味方生存者全体に「最大BP増加」(増加量5/効果バトル中永続)を付与する
自身に「ディフェンスアップ」(効果超極大)を付与する
自身のBPを回復する(+5)

[ターン開始時]
味方生存者全体に「消費BP減少」(減少量1/効果2ターン)を付与する

[攻撃命中時]
自身のBPを回復する(+3)"
皇帝としての責務,"[バトル開始時]
味方生存者全体に「ヒートアップ」(効果超極大+)を付与する
味方生存者全体に「ディフェンスアップ」(効果超極大)を付与する

[タイプが「攻撃」である技・術を命中させた時(※)]
「慈悲の光+」が発動する
(術Rank1で発動)

[バトル開始から数えて2ターン目以降に、タイプが「攻撃」である技・術を命中させた時(※)]
「陽剣連撃」が発動する
(技Rank1で発動)

※「アビリティ効果により発動する技・術」「特殊状態の効果により発動する技・術」「技・術の効果により発動する技・術」「溜め技・術」「溜め状態を付与する技・術」「カウンター効果による反撃技・術」は含まない"
攻援の戦技Ⅶ＆練気Ⅷ・Ⅱ,"[バトル開始時]
味方生存者全体に「ヒートアップ」(効果超極大)を付与する
自身に「ディフェンスアップ」(効果超極大)を付与する
自身のBPを回復する(+8)

[攻撃命中時]
自身のBPを回復する(+2)"
イカヅチが導く世界で,"[バトル開始時]
自身に「パワーエンチャント(斬・突)」(効果バトル中永続)を付与する
味方生存者全体のODゲージを満タンにする

[ターン開始時]
味方生存者全体に「攻撃強化」(効果超極大+/効果2ターン)を付与する
味方生存者全体に「Weak攻撃強化」(効果超極大+/効果2ターン)を付与する
味方生存者全体に「防御強化」(効果極大/効果2ターン)を付与する
味方生存者全体の腕力・体力・器用さ・素早さ・知力・精神・愛・魅力を上昇させる(効果極大)

[タイプが「攻撃」である技・術を命中させた時(※)]
「剣姫四閃」が2回発動する
(技Rank1で発動)

※「アビリティ効果により発動する技・術」「特殊状態の効果により発動する技・術」「技・術の効果により発動する技・術」「溜め技・術」「溜め状態を付与する技・術」「カウンター効果による反撃技・術」は含まない"
ゴージャスな足湯,"[バトル開始時]
自身に「天才チェイン」(効果バトル中永続)を付与する
味方生存者全体のODゲージを満タンにする
味方生存者全体に「最大BP増加」(増加量5/効果バトル中永続)を付与する
味方生存者全体のBPを回復する(+5)
味方生存者全体に「ヒートアップ」(効果超極大)を付与する
味方生存者全体に「Weakヒートアップ」(効果超極大)を付与する
味方生存者全体に「ディフェンスアップ」(効果超極大)を付与する
敵全体に「ディフェンスダウン」(効果超極大)を付与する"
攻援の戦技Ⅶ＆練気Ⅱ・Ⅳ,"[バトル開始時]
味方生存者全体に「ヒートアップ」(効果超極大)を付与する
自身に「ディフェンスアップ」(効果超極大)を付与する
自身のBPを回復する(+2)

[攻撃命中時]
自身のBPを回復する(+4)"
人々と守る未来,"[バトル開始時]
味方生存者全体のODゲージを満タンにする

[ターン開始時]
自身に「ドライブソーサリー(光輪撃)」(効果バトル中永続)を付与する(上限回数:バトル中3回)

[OD攻撃を発動後(※)]
「ライトクロス」が3回発動する
(技Rank1で発動)

[ルクスオーバーエンチャントを発動後(※)]
対象に「ドライブパワーⅦ」(効果バトル中永続)を付与する
味方生存者全体に「ターン終了時ODゲージ上昇(満タン)」(効果1ターン)を付与する
自身のBPを回復する(+17)

[ターン終了時]
自身のODゲージを満タンにする

※「アビリティ効果により発動する技・術」「特殊状態の効果により発動する技・術」「技・術の効果により発動する技・術」「溜め技・術」「溜め状態を付与する技・術」「カウンター効果による反撃技・術」は含まない"
ドライブオーダー,"[OD攻撃時]
対象に「防御弱化」(効果中/効果2ターン)を付与する
味方生存者全体に「攻撃強化」(効果超極大/効果2ターン)を付与する
味方生存者全体に「防御強化」(効果中/効果1ターン)を付与する
味方生存者全体の腕力・器用さ・素早さ・知力を上昇させる(効果中)"
超援の戦技Ⅶ＆練気Ⅶ・Ⅱ,"[バトル開始時]
味方生存者全体に「オーバーエンハンス」(効果超極大)を付与する
自身に「ディフェンスアップ」(効果超極大)を付与する
自身のBPを回復する(+7)

[攻撃命中時]
自身のBPを回復する(+2)

[ターン終了時]
味方生存者全体のODゲージを上昇させる(効果大)"
ルール無用の剣技,"[バトル開始時]
自身に「消費BP減少」(減少量5/効果バトル中永続)を付与する
自身に「消費BP減少」(減少量10/効果10ターン)を付与する

[攻撃命中時]
自身に「攻撃強化」(効果極大/効果1ターン)を付与する

[タイプが「攻撃」である技・術を命中させた時(※)]
「瞬光四刺」と「烈風光刃破」が発動する
(それぞれ技Rank1で発動)

[瞬光四刺を発動後(※)]
自身の「烈風光刃破」の使用回数制限を回復する(+1/バトル開始時点の回数より多くならない)

[スターインパクトを発動後(※)]
「烈風光刃破」が発動する
(技Rank1で発動)

[ターン終了時]
一定の確率(確率特大)で、自身の「烈風光刃破」の使用回数制限を回復する(+1/バトル開始時点の回数より多くならない)

※「アビリティ効果により発動する技・術」「特殊状態の効果により発動する技・術」「技・術の効果により発動する技・術」「溜め技・術」「溜め状態を付与する技・術」「カウンター効果による反撃技・術」は含まない"
エレメントボルテージ(斬・突),"[ターン開始時]
以下の効果が発動する(上限回数:バトル中3回)
・自身に「エレメントエンハンス(斬)」(効果超極大)を付与する
・自身に「エレメントエンハンス(突)」(効果超極大)を付与する"
聖騎士としての矜持,"[バトル開始時]
味方生存者全体に「後攻の構え」(効果バトル中永続)を付与する
自身以外の味方生存者全体に「専守防衛」(効果バトル中永続)を付与する

[ターン開始時]
自身に「ぐっとがまん(1回)」(効果1ターン)を付与する
自身に「行動前防御強化」(効果極大/効果1ターン)を付与する

[熱属性を含む攻撃を発動後(※)]
「オクトイグニス」が発動する
(技Rank1で発動)

[陽属性を含む攻撃を発動後(※)]
「輝光斬波」が2回発動する
「ブレイドスラム」が2回発動する
(それぞれ技Rank1で発動)

※「アビリティ効果により発動する技・術」「特殊状態の効果により発動する技・術」「技・術の効果により発動する技・術」「溜め技・術」「溜め状態を付与する技・術」「カウンター効果による反撃技・術」は含まない"
専守防衛,"[ターン開始時]
自身に「行動前防御強化」(効果超極大/効果1ターン)を付与する
自身の体力・精神・愛・魅力を上昇させる(効果超極大)

[攻撃を受けた時]
自身が行動前状態の場合、以下の効果が発動する
・味方生存者全体に「攻撃強化」(効果超極大+/効果1ターン)を付与する
・味方生存者全体の腕力・器用さ・素早さ・知力を上昇させる(効果極大)"
鉄壁の戦技Ⅶ＆練気Ⅴ・Ⅳ,"[バトル開始時]
自身に「ディフェンスアップ」(効果超極大)を付与する
自身のBPを回復する(+5)

[ターン開始時]
自身に「ディフェンスアップ」(効果大)を付与する(上限回数:バトル中5回)
自身の体力・精神を上昇させる(効果特大)
自身を「挑発」状態(効果中/効果2ターン)にする
自身以外の味方生存者全体を「ステルス」状態(効果中/効果2ターン)にする

[攻撃命中時]
自身のBPを回復する(+4)"
永遠を望む者,"[バトル開始時]
味方生存者全体のODゲージを満タンにする
味方生存者全体に「ウェポンリンクⅤ(剣)」(効果バトル中永続)を付与する
味方生存者全体に「エクストラフォース(剣/小)」(効果バトル中永続)を付与する
味方生存者全体に「オーバーエンハンス」(効果超極大)を付与する

[OD攻撃を発動後(※)]
「陽剣連撃」と「耀の居合＋」と「双繊月」が発動する
(それぞれ技Rank1で発動)

※「アビリティ効果により発動する技・術」「特殊状態の効果により発動する技・術」「技・術の効果により発動する技・術」「溜め技・術」「溜め状態を付与する技・術」「カウンター効果による反撃技・術」は含まない"
ウェポンフィールドⅥ(剣),"[ターン開始時]
味方生存者全体に「ウェポンエンハンス(剣)」(効果超極大)を付与する(上限回数:バトル中5回)
味方生存者全体の腕力・体力・器用さ・素早さ・知力・精神・愛・魅力を上昇させる(効果大)"
闘いの極み・真Ⅷ＆練気Ⅳ・Ⅳ,"攻撃の与ダメージが上昇する(効果超極大+)
かつ、攻撃を受けた時、被ダメージを軽減する(効果超極大)

[バトル開始時]
自身のBPを回復する(+4)

[攻撃命中時]
自身のBPを回復する(+4)"
永遠からの脱却,"[バトル開始時]
自身に「消費BP減少」(減少量20/効果3ターン)を付与する
自身に「エクストラフォース(打/大)」(効果バトル中永続)を付与する

[ターン開始時]
味方生存者全体に「攻撃強化」(効果超極大/効果2ターン)を付与する
味方生存者全体に「打属性攻撃強化」(効果特大/効果2ターン)を付与する
味方生存者全体に「陰属性攻撃強化」(効果特大/効果2ターン)を付与する
味方生存者全体の腕力・体力・器用さ・素早さ・知力・精神・愛・魅力を上昇させる(効果大)
味方生存者全体に「防御強化」(効果特大/効果2ターン)を付与する"
打陰活性Ⅲ(知力・魅力),"[攻撃時]
味方生存者全体に「攻撃強化」(効果大/効果2ターン)を付与する
自身に「打属性攻撃強化」(効果大/効果2ターン)を付与する
自身に「陰属性攻撃強化」(効果大/効果2ターン)を付与する
自身の知力・魅力を上昇させる(効果中)"
闘いの天稟・真Ⅶ＆練気Ⅰ,"攻撃の与ダメージが上昇する(効果超極大)
Resist攻撃を受けた時、被ダメージを軽減する(効果超極大)
Resist攻撃を受けた時、敵の攻撃を回避する(確率大)

[攻撃命中時]
自身のBPを回復する(+1)"
闇の王の審美眼,"[バトル開始時]
自身以外の味方生存者全体に「闇の王の戦技」(効果1ターン)を付与する
自身以外の味方生存者全体に「エレメントエンハンス(陰)」(効果超極大)を付与する
味方生存者全体に「ディフェンスアップ」(効果超極大)を付与する

[タイプが「攻撃」である技・術を命中させた時(※)]
「ダークネスフィフス」と「陸紫刃」が発動する
(それぞれ技Rank1で発動)

ただし、バトル開始時に自身以外の味方生存者全体が代償LPダメージを2受ける

※「アビリティ効果により発動する技・術」「特殊状態の効果により発動する技・術」「技・術の効果により発動する技・術」「溜め技・術」「溜め状態を付与する技・術」「カウンター効果による反撃技・術」は含まない"
闇の王の戦技,"[攻撃時]
味方生存者全体に「斬属性攻撃強化」(効果特大/効果2ターン)を付与する
味方生存者全体に「打属性攻撃強化」(効果特大/効果2ターン)を付与する
味方生存者全体に「突属性攻撃強化」(効果特大/効果2ターン)を付与する
味方生存者全体に「陰属性攻撃強化」(効果特大/効果2ターン)を付与する
味方生存者全体の腕力・器用さ・素早さ・知力を上昇させる(効果大)"
闘いの極み・真Ⅷ＆奪命Ⅰ,"攻撃の与ダメージが上昇する(効果超極大+)
かつ、攻撃を受けた時、被ダメージを軽減する(効果超極大)

[攻撃命中時]
自身のLPを回復する(確率特大/+1)"
風に乗る,"[バトル開始時]
敵全体に「傷刻(斬・陰/全能力)(3回)」(効果1ターン)を付与する

[ターン開始時]
味方生存者全体に「エクストラフォース(陰/小)」(効果1ターン)を付与する
味方生存者全体に「陰属性攻撃強化」(効果超極大+/効果2ターン)を付与する
味方生存者全体に「防御強化」(効果極大/効果1ターン)を付与する

[タイプが「攻撃」である技・術を命中させた時(※)]
「ダークトルネード」が2回発動する
(術Rank1で発動)

[ターン終了時]
味方生存者全体のHPを回復する(効果小)
味方生存者全体のBPを回復する(+1)

※「アビリティ効果により発動する技・術」「特殊状態の効果により発動する技・術」「技・術の効果により発動する技・術」「溜め技・術」「溜め状態を付与する技・術」「カウンター効果による反撃技・術」は含まない"
魔戦士公の力,"[バトル開始時]
味方生存者全体のODゲージを満タンにする
味方生存者全体に「血と汗となみだ」(効果1ターン)を付与する

[攻撃時]
味方生存者全体に「攻撃強化」(効果大/効果2ターン)を付与する
自身に「斬属性攻撃強化」(効果特大/効果2ターン)を付与する
自身に「突属性攻撃強化」(効果特大/効果2ターン)を付与する
自身の腕力・体力を上昇させる(効果大)"
直接反骨,"[攻撃を受けた時(※)]
自身に「ドライブアーツ(剛断双穿)(1回)」(効果3ターン)を付与する
※攻撃が命中した時のみ発動

[直接攻撃を受けた時(※)]
自身に「ドライブアーツ(剛断双穿)(1回)」(効果3ターン)を付与する
※攻撃が命中した時のみ発動

[自身以外の味方生存者が攻撃を受けた時(※)]
味方生存者全体に「攻撃強化」(効果大/効果2ターン)を付与する
味方生存者全体に「防御強化(直接)」(効果中/効果1ターン)を付与する
味方生存者全体に「ターン終了時ODゲージ上昇(小)」(効果1ターン)を付与する
※発動回数は攻撃を受けた人数によらない"
闘いの極み・真Ⅷ＆練気Ⅳ・Ⅲ,"攻撃の与ダメージが上昇する(効果超極大+)
かつ、攻撃を受けた時、被ダメージを軽減する(効果超極大)

[バトル開始時]
自身のBPを回復する(+4)

[攻撃命中時]
自身のBPを回復する(+3)"
ロード・メモリア,"[バトル開始時]
自身に「エクストラフォース(打/小)」(効果バトル中永続)を付与する
自身に「勇気の結実」(効果バトル中永続)を付与する
自身に「洗練された剣技」(効果バトル中永続)を付与する
自身に「近衛騎士の覚悟」(効果バトル中永続)を付与する
自身に「ディフェンスアップ」(効果超極大)を付与する
自身を「挑発」状態(効果大/効果バトル中永続)にする
自身以外の味方生存者全体を「ステルス」状態(効果大/効果バトル中永続)にする

[タイプが「攻撃」である技・術を命中させた時(※)]
「ノーブルスラッシュ」が発動する
(技Rank1で発動)

※「アビリティ効果により発動する技・術」「特殊状態の効果により発動する技・術」「技・術の効果により発動する技・術」「溜め技・術」「溜め状態を付与する技・術」「カウンター効果による反撃技・術」は含まない"
根付に込められた想い,"[攻撃を受けた時]
自身に「革命の一撃Ⅳ(1回)」(効果2ターン)を付与する
味方生存者全体に「攻撃強化」(効果超極大/効果2ターン)を付与する
味方生存者全体の腕力・体力・器用さ・素早さ・知力・精神・愛・魅力を上昇させる(効果特大)

[攻撃を受けてHP0になる時]
最大HPの100%でふみとどまる(上限回数:バトル中1回)"
騎士の戦技Ⅷ＆決意Ⅶ・ⅩⅩ,"攻撃の与ダメージが上昇する(効果超極大+)
かつ、攻撃を受けた時、被ダメージを軽減する(効果超極大)

[バトル開始時]
自身のBPを回復する(+7)
自身に「かばう(ダメージ無効)」(確率大/効果バトル中永続)を付与する

[ターン終了時]
自身のBPを回復する(+20)"
深海の戦士,"攻撃を受けた時、雷属性を含むダメージを無効化する
さらに、直接攻撃に対して「猛進雷撃」で反撃をする
(パリイを使用したターンは反撃しない)
(技Rank1で発動)

[バトル開始時]
味方生存者全体に「ディフェンスアップ」(効果超極大)を付与する

[タイプが「攻撃」である技・術を命中させた時(※)]
「迅雷槍雨」が発動する
(技Rank1で発動)

[スパークスティングを発動後(※)]
自身の「迅雷槍雨」の使用回数制限を回復する(+1/バトル開始時点の回数より多くならない)

※「アビリティ効果により発動する技・術」「特殊状態の効果により発動する技・術」「技・術の効果により発動する技・術」「溜め技・術」「溜め状態を付与する技・術」「カウンター効果による反撃技・術」は含まない"
エレメントボルテージ(突・雷),"[ターン開始時]
以下の効果が発動する(上限回数:バトル中3回)
・自身に「エレメントエンハンス(突)」(効果超極大)を付与する
・自身に「エレメントエンハンス(雷)」(効果超極大)を付与する"
闘いの極み・真Ⅷ＆練気Ⅹ・Ⅵ,"攻撃の与ダメージが上昇する(効果超極大+)
かつ、攻撃を受けた時、被ダメージを軽減する(効果超極大)

[バトル開始時]
自身のBPを回復する(+10)

[攻撃命中時]
自身のBPを回復する(+6)"
焼き尽くす炎,"[バトル開始時]
自身に「属性ダメージ無効(熱)」(効果バトル中永続)を付与する
味方生存者全体に「ディフェンスアップ」(効果超極大)を付与する
自身に「ディフェンスアップ」(効果超極大)を付与する

[攻撃を受けた時]
味方生存者全体に「熱属性攻撃強化」(効果超極大/効果2ターン)を付与する
直接攻撃に対して、「四炎御降」でカウンター攻撃する
(術Rank1で発動)"
ディフェンダープライドⅢ,"[攻撃を受けた時]
味方生存者全体に「攻撃強化」(効果極大/効果2ターン)を付与する
味方生存者全体に「防御強化」(効果大/効果1ターン)を付与する
味方生存者全体の腕力・体力・器用さ・素早さ・知力・精神・愛・魅力を上昇させる(効果大)"
鉄壁の戦技Ⅶ＆練気Ⅲ,"[バトル開始時]
自身に「ディフェンスアップ」(効果超極大)を付与する

[ターン開始時]
自身に「ディフェンスアップ」(効果大)を付与する(上限回数:バトル中5回)
自身の体力・精神を上昇させる(効果特大)
自身を「挑発」状態(効果中/効果2ターン)にする
自身以外の味方生存者全体を「ステルス」状態(効果中/効果2ターン)にする

[攻撃命中時]
自身のBPを回復する(+3)"
ライラ・リゾルブ,"[バトル開始時]
自身に「エクストラフォース(OD/大)」(効果バトル中永続)を付与する
自身に「エクストラフォース(陽/大)」(効果バトル中永続)を付与する
味方生存者全体に「エクストラリンク」(効果バトル中永続)を付与する
味方生存者全体のODゲージを満タンにする
味方生存者全体に「ヒートアップ」(効果超極大+)を付与する
味方生存者全体に「ディフェンスアップ」(効果超極大+)を付与する
敵全体に「ディフェンスダウン」(効果超極大+)を付与する

[バトル開始から数えて奇数ターン目の開始時]
自身以外の味方生存者全体に「エクストラフォース(OD/小)」(効果1ターン)を付与する

[バトル開始から数えて偶数ターン目の終了時]
自身以外の味方生存者全体のODゲージを満タンにする"
アタシの戦い,"[バトル開始時]
自身に「特製特攻服」(効果バトル中永続)を付与する

[攻撃命中時]
自身に「攻撃強化」(効果超極大+/効果2ターン)を付与する
自身の腕力を上昇させる(効果超極大+)

[タイプが「攻撃」である技・術を命中させた時(※)]
「怒根性落とし」が2回発動する
(技Rank1で発動)

[ターン終了時]
自身のODゲージを満タンにする

※「アビリティ効果により発動する技・術」「特殊状態の効果により発動する技・術」「技・術の効果により発動する技・術」「溜め技・術」「溜め状態を付与する技・術」「カウンター効果による反撃技・術」は含まない"
任侠の戦技Ⅷ＆決意Ⅶ・ⅩⅩ,"攻撃の与ダメージが上昇する(効果超極大+)
かつ、攻撃を受けた時、被ダメージを軽減する(効果超極大)

[バトル開始時]
自身のBPを回復する(+7)
味方生存者全体に「特製特攻服(2回)」(効果ターン数制限なし)を付与する

[ターン終了時]
自身のBPを回復する(+20)"
伝統の価値,"[バトル開始時]
味方生存者全体に「最大BP増加」(増加量10/効果5ターン)を付与する
味方生存者全体のBPを回復する(+10)

[ターン開始時]
自身に「攻撃強化」(効果特大/効果4ターン)を付与する
自身に「突属性攻撃強化」(効果特大/効果4ターン)を付与する
自身の器用さを上昇させる(効果特大)"
闘援の戦技Ⅴ・Ⅰ＆練気Ⅰ・Ⅱ,"[バトル開始時]
味方生存者全体に「最大BP増加」(増加量5/効果バトル中永続)を付与する
自身に「ディフェンスアップ」(効果超極大)を付与する
自身のBPを回復する(+1)

[ターン開始時]
味方生存者全体に「消費BP減少」(減少量1/効果2ターン)を付与する

[攻撃命中時]
自身のBPを回復する(+2)"
サムライの第六感,"[バトル開始時]
自身に「エクストラフォース(斬/大)」(効果バトル中永続)を付与する
自身以外の味方生存者全体に「サムライの心得」(効果バトル中永続)を付与する

[攻撃時]
味方生存者全体に「防御強化」(効果中/効果2ターン)を付与する
対象に「防御弱化」(効果大/効果2ターン)を付与する
対象の腕力・体力・器用さ・素早さ・知力を低下させる(効果特大)

[タイプが「攻撃」である技・術を命中させた時(※)]
「居合い八閃」が発動する
(技Rank1で発動)

※「アビリティ効果により発動する技・術」「特殊状態の効果により発動する技・術」「技・術の効果により発動する技・術」「溜め技・術」「溜め状態を付与する技・術」「カウンター効果による反撃技・術」は含まない"
サムライの心得,"[斬属性を含む攻撃時]
自身の腕力・体力・精神を上昇させる(効果大)
自身に「攻撃強化」(効果超極大+/効果4ターン)を付与する
自身のBPを回復する(+1)
自身のすべての状態異常耐性を上昇させる(効果超極大)

[斬属性以外を含む攻撃時]
味方生存者全体に「攻撃弱化」(効果特大/効果1ターン)を付与する"
パペットマスター,"[ターン開始時]
味方生存者全体に「攻撃強化」(効果超極大/効果2ターン)を付与する
味方生存者全体に「OD攻撃強化」(効果超極大+/効果2ターン)を付与する
味方生存者全体に「防御強化」(効果極大/効果2ターン)を付与する
味方生存者全体の腕力・体力・器用さ・素早さ・知力・精神・愛・魅力を上昇させる(効果極大)

[タイプが「攻撃」である技・術を命中させた時(※)]
「無限地獄＋」が発動する
(技Rank1で発動)

※「アビリティ効果により発動する技・術」「特殊状態の効果により発動する技・術」「技・術の効果により発動する技・術」「溜め技・術」「溜め状態を付与する技・術」「カウンター効果による反撃技・術」は含まない"
