名称,効果詳細,順番補正
OD攻撃強化,OD攻撃のダメージが上昇する,
Weakヒートアップ,Weak攻撃のダメージが上昇する(効果バトル中永続),
Weak攻撃強化,Weak攻撃のダメージが上昇する,
アイシクルチェイン,"[攻撃(※)を発動後]
「トリアグラキエス」と「氷晶六落」が発動する
(それぞれ術Rank1で発動)
※「アビリティ効果により発動する技・術」「特殊状態の効果により発動する技・術」「技・術の効果により発動する技・術」「溜め技・術」「溜め状態を付与する技・術」「カウンター効果による反撃技・術」は含まない",
アクスリンク,"[攻撃時]
斧を装備している場合、以下の効果が発動する
・味方生存者全体に「秘奥・攻(斧)」(効果極大/効果2ターン)を付与する
・味方生存者全体の腕力・体力・器用さ・素早さ・知力・精神・愛・魅力を上昇させる(効果小)",
アタックエンチャントⅦ(雷・陰),"[ターン開始時]
以下の効果が発動する
・自身に「雷・陰属性攻撃強化」(効果超極大+/効果1ターン)を付与する
・自身に「攻撃強化」(効果超極大+/効果1ターン)を付与する
・自身の腕力・体力・器用さ・素早さ・知力・精神・愛・魅力を上昇させる(効果大)",
アタックボルテージⅦ(打・熱),"[攻撃時]
自身に「打属性攻撃強化」(効果超極大+/効果2ターン)を付与する
自身に「熱属性攻撃強化」(効果超極大+/効果2ターン)を付与する
自身の素早さを上昇させる(効果特大)",
アマゾネスの構え,"[ターン終了時]
自身のODゲージを満タンにする
自身を「溜め状態」(カウント1)にする

溜め技:「アマゾネススティング」
(技Rank1で発動)",
アローリンク,"[攻撃時]
弓を装備している場合、以下の効果が発動する
・味方生存者全体に「秘奥・攻(弓)」(効果極大/効果2ターン)を付与する
・味方生存者全体の腕力・体力・器用さ・素早さ・知力・精神・愛・魅力を上昇させる(効果小)",
アンダークロック,"[ターン開始時]
以下の効果が発動する
・自身に「刻の激化」(効果1ターン)を付与する
・自身に「行動順補正低下」(効果大/効果1ターン)を付与する",
イージスの盾,熱・冷・雷・陽・陰属性のいずれかを含む攻撃を一定の確率で回避する,
ウィークエンチャントⅦ,"[ターン開始時]
以下の効果が発動する
・自身に「攻撃強化」(効果超極大+/効果3ターン)を付与する
・自身に「Weak攻撃強化」(効果超極大+/効果3ターン)を付与する
・自身の腕力・体力・器用さ・素早さ・知力・精神・愛・魅力を上昇させる(効果大)",
ウェポンエンハンス(剣),"[剣装備時]
与えるダメージが上昇する(効果バトル中永続)",1
ウェポンエンハンス(大剣),"[大剣装備時]
与えるダメージが上昇する(効果バトル中永続)",2
ウェポンエンハンス(斧),"[斧装備時]
与えるダメージが上昇する(効果バトル中永続)",3
ウェポンエンハンス(棍棒),"[棍棒装備時]
与えるダメージが上昇する(効果バトル中永続)",4
ウェポンエンハンス(体術),"[体術装備時]
与えるダメージが上昇する(効果バトル中永続)",5
ウェポンエンハンス(銃),"[銃装備時]
与えるダメージが上昇する(効果バトル中永続)",6
ウェポンエンハンス(槍),"[槍装備時]
与えるダメージが上昇する(効果バトル中永続)",7
ウェポンエンハンス(小剣),"[小剣装備時]
与えるダメージが上昇する(効果バトル中永続)",8
ウェポンエンハンス(弓),"[弓装備時]
与えるダメージが上昇する(効果バトル中永続)",9
ウェポンエンハンス(杖),"[杖装備時]
与えるダメージが上昇する(効果バトル中永続)",10
ウェポンリンクⅤ(斧),"[ターン開始時]
斧を装備している場合、以下の効果が発動する
・自身に「ターン終了時ODゲージ上昇(満タン)」(効果1ターン)を付与する
・自身に「防御強化」(効果極大/効果2ターン)を付与する",3
ウェポンリンクⅤ(棍棒),"[ターン開始時]
棍棒を装備している場合、以下の効果が発動する
・自身に「ターン終了時ODゲージ上昇(満タン)」(効果1ターン)を付与する
・自身に「防御強化」(効果極大/効果2ターン)を付与する",4
ウェポンリンクⅤ(銃),"[ターン開始時]
銃を装備している場合、以下の効果が発動する
・自身に「ターン終了時ODゲージ上昇(満タン)」(効果1ターン)を付与する
・自身に「防御強化」(効果極大/効果2ターン)を付与する",6
ウェポンリンクⅤ(弓),"[ターン開始時]
弓を装備している場合、以下の効果が発動する
・自身に「ターン終了時ODゲージ上昇(満タン)」(効果1ターン)を付与する
・自身に「防御強化」(効果極大/効果2ターン)を付与する",9
エクストラウェポンⅢ(斧),"[攻撃時]
斧を装備している場合、以下の効果が発動する
・自身に「エクストラフォース(技/中)」(効果5ターン)を付与する
・自身に「エクストラフォース(術/中)」(効果5ターン)を付与する",
エクストラオーラⅢ(カウンター),"[カウンター攻撃時]
以下の効果が発動する
・自身に「エクストラフォース(技/中)」(効果バトル中永続)を付与する
・自身に「エクストラフォース(術/中)」(効果バトル中永続)を付与する",
エクストラオーラⅢ(斬),"[斬属性を含む攻撃時]
以下の効果が発動する
・自身に「エクストラフォース(技/中)」(効果バトル中永続)を付与する
・自身に「エクストラフォース(術/中)」(効果バトル中永続)を付与する",
エクストラオーラⅢ(雷・陰),"[雷または陰属性を含む攻撃時]
以下の効果が発動する
・自身に「エクストラフォース(技/中)」(効果バトル中永続)を付与する
・自身に「エクストラフォース(術/中)」(効果バトル中永続)を付与する",
エクストラオーラⅢ(冷・雷),"[冷または雷属性を含む攻撃時]
以下の効果が発動する
・自身に「エクストラフォース(技/中)」(効果バトル中永続)を付与する
・自身に「エクストラフォース(術/中)」(効果バトル中永続)を付与する",
エクストラフォース(Critical/極小),"[Critical攻撃時]
特別な与ダメージ上昇が発生する(重複不可)",101
エクストラフォース(Critical/小),"[Critical攻撃時]
特別な与ダメージ上昇が発生する(重複不可)",102
エクストラフォース(Critical/中),"[Critical攻撃時]
特別な与ダメージ上昇が発生する(重複不可)",103
エクストラフォース(OD/極小),"[OD攻撃時]
特別な与ダメージ上昇が発生する(重複不可)",111
エクストラフォース(OD/中),"[OD攻撃時]
特別な与ダメージ上昇が発生する(重複不可)",113
エクストラフォース(OD/大),"[ターン開始時]
自身に「エクストラフォース(OD/大)」(効果1ターン)を付与する",114
エクストラフォース(Weak/小),"[Weak攻撃時]
特別な与ダメージ上昇が発生する(重複不可)",122
エクストラフォース(Weak/大),"[Weak攻撃時]
特別な与ダメージ上昇が発生する(重複不可)",124
エクストラフォース(技/極小),"[技攻撃時]
特別な与ダメージ上昇が発生する(重複不可)",211
エクストラフォース(技/小),"[技攻撃時]
特別な与ダメージ上昇が発生する(重複不可)",212
エクストラフォース(技/中),"[技攻撃時]
特別な与ダメージ上昇が発生する(重複不可)",213
エクストラフォース(技/大),"[技攻撃時]
特別な与ダメージ上昇が発生する(重複不可)",214
エクストラフォース(術/極小),"[術攻撃時]
特別な与ダメージ上昇が発生する(重複不可)",221
エクストラフォース(術/中),"[術攻撃時]
特別な与ダメージ上昇が発生する(重複不可)",222
エクストラフォース(術/小),"[術攻撃時]
特別な与ダメージ上昇が発生する(重複不可)",223
エクストラフォース(術/大),"[術攻撃時]
特別な与ダメージ上昇が発生する(重複不可)",224
エクストラフォース(剣/小),"[剣装備時]
特別な与ダメージ上昇が発生する(重複不可)",312
エクストラフォース(大剣/小),"[大剣装備時]
特別な与ダメージ上昇が発生する(重複不可)",322
エクストラフォース(斧/小),"[斧装備時]
特別な与ダメージ上昇が発生する(重複不可)",332
エクストラフォース(棍棒/小),"[棍棒装備時]
特別な与ダメージ上昇が発生する(重複不可)",342
エクストラフォース(体術/小),"[体術装備時]
特別な与ダメージ上昇が発生する(重複不可)",352
エクストラフォース(銃/小),"[銃装備時]
特別な与ダメージ上昇が発生する(重複不可)",362
エクストラフォース(槍/小),"[槍装備時]
特別な与ダメージ上昇が発生する(重複不可)",372
エクストラフォース(小剣/小),"[小剣装備時]
特別な与ダメージ上昇が発生する(重複不可)",382
エクストラフォース(弓/小),"[弓装備時]
特別な与ダメージ上昇が発生する(重複不可)",392
エクストラフォース(杖/小),"[杖装備時]
特別な与ダメージ上昇が発生する(重複不可)",402
エクストラフォース(斬/極小),"[斬属性を含む攻撃時]
特別な与ダメージ上昇が発生する(重複不可)",411
エクストラフォース(斬/小),"[斬属性を含む攻撃時]
特別な与ダメージ上昇が発生する(重複不可)",412
エクストラフォース(斬/中),"[斬属性を含む攻撃時]
特別な与ダメージ上昇が発生する(重複不可)",413
エクストラフォース(斬/大),"[斬属性を含む攻撃時]
特別な与ダメージ上昇が発生する(重複不可)",414
エクストラフォース(打/極小),"[打属性を含む攻撃時]
特別な与ダメージ上昇が発生する(重複不可)",421
エクストラフォース(打/小),"[打属性を含む攻撃時]
特別な与ダメージ上昇が発生する(重複不可)",422
エクストラフォース(打/中),"[打属性を含む攻撃時]
特別な与ダメージ上昇が発生する(重複不可)",423
エクストラフォース(打/大),"[打属性を含む攻撃時]
特別な与ダメージ上昇が発生する(重複不可)",424
エクストラフォース(突/極小),"[突属性を含む攻撃時]
特別な与ダメージ上昇が発生する(重複不可)",431
エクストラフォース(突/小),"[突属性を含む攻撃時]
特別な与ダメージ上昇が発生する(重複不可)",432
エクストラフォース(突/中),"[突属性を含む攻撃時]
特別な与ダメージ上昇が発生する(重複不可)",433
エクストラフォース(突/大),"[突属性を含む攻撃時]
特別な与ダメージ上昇が発生する(重複不可)",434
エクストラフォース(熱/小),"[熱属性を含む攻撃時]
特別な与ダメージ上昇が発生する(重複不可)",442
エクストラフォース(熱/中),"[熱属性を含む攻撃時]
特別な与ダメージ上昇が発生する(重複不可)",443
エクストラフォース(熱/大),"[熱属性を含む攻撃時]
特別な与ダメージ上昇が発生する(重複不可)",444
エクストラフォース(冷/小),"[冷属性を含む攻撃時]
特別な与ダメージ上昇が発生する(重複不可)",452
エクストラフォース(冷/中),"[冷属性を含む攻撃時]
特別な与ダメージ上昇が発生する(重複不可)",453
エクストラフォース(冷/大),"[冷属性を含む攻撃時]
特別な与ダメージ上昇が発生する(重複不可)",454
エクストラフォース(雷/小),"[雷属性を含む攻撃時]
特別な与ダメージ上昇が発生する(重複不可)",462
エクストラフォース(雷/中),"[雷属性を含む攻撃時]
特別な与ダメージ上昇が発生する(重複不可)",463
エクストラフォース(雷/大),"[雷属性を含む攻撃時]
特別な与ダメージ上昇が発生する(重複不可)",464
エクストラフォース(陽/小),"[陽属性を含む攻撃時]
特別な与ダメージ上昇が発生する(重複不可)",472
エクストラフォース(陽/中),"[陽属性を含む攻撃時]
特別な与ダメージ上昇が発生する(重複不可)",473
エクストラフォース(陽/大),"[陽属性を含む攻撃時]
特別な与ダメージ上昇が発生する(重複不可)",474
エクストラフォース(陰/極小),"[陰属性を含む攻撃時]
特別な与ダメージ上昇が発生する(重複不可)",481
エクストラフォース(陰/小),"[陰属性を含む攻撃時]
特別な与ダメージ上昇が発生する(重複不可)",482
エクストラフォース(陰/中),"[陰属性を含む攻撃時]
特別な与ダメージ上昇が発生する(重複不可)",483
エクストラフォース(陰/大),"[陰属性を含む攻撃時]
特別な与ダメージ上昇が発生する(重複不可)",484
エクストラフォース(直接/極小),"[直接攻撃時]
特別な与ダメージ上昇が発生する(重複不可)",501
エクストラフォース(単体/小),"[単体攻撃時]
特別な与ダメージ上昇が発生する(重複不可)",511
エクストラフォース(全体・範囲/極小),"[全体攻撃および範囲攻撃時]
特別な与ダメージ上昇が発生する(重複不可)",621
エクストラフォース(全体・範囲/小),"[全体攻撃および範囲攻撃時]
特別な与ダメージ上昇が発生する(重複不可)",622
エクストラフォース(全体・範囲/中),"[全体攻撃および範囲攻撃時]
特別な与ダメージ上昇が発生する(重複不可)",623
エクストラフォース(連携/極小),"[連携攻撃時]
特別な与ダメージ上昇が発生する(重複不可)",711
エクストラフォース(獄炎爪殺法/大),"[獄炎爪殺法による攻撃時]
特別な与ダメージ上昇が発生する(重複不可)",814
エリアエンハンス(単体攻撃),"[単体攻撃時]
与えるダメージが上昇する(効果バトル中永続)",1
エリアエンハンス(全体攻撃),"[全体攻撃時]
与えるダメージが上昇する(効果バトル中永続)",2
エリアエンハンス(全体・範囲),"[全体攻撃および範囲攻撃時]
与えるダメージが上昇する(効果バトル中永続)",4
エリアエンハンス(縦攻撃),"[縦一列攻撃時]
与えるダメージが上昇する(効果バトル中永続)",5
エリアエンハンス(横攻撃),"[横一列攻撃時]
与えるダメージが上昇する(効果バトル中永続)",6
エレメントアタックⅥ(突・陽),"[突または陽属性を含む攻撃命中時]
以下の効果が発動する
・自身に「攻撃強化」(効果極大/効果2ターン)を付与する
・自身に「突・陽属性攻撃強化」(効果超極大/効果2ターン)を付与する
・自身の腕力・体力・器用さ・素早さ・知力・精神・愛・魅力を上昇させる(効果極大)",
エレメントエンハンス(斬),"[斬属性を含む攻撃時]
与えるダメージが上昇する(効果バトル中永続)",1
エレメントエンハンス(打),"[打属性を含む攻撃時]
与えるダメージが上昇する(効果バトル中永続)",2
エレメントエンハンス(突),"[突属性を含む攻撃時]
与えるダメージが上昇する(効果バトル中永続)",3
エレメントエンハンス(熱),"[熱属性を含む攻撃時]
与えるダメージが上昇する(効果バトル中永続)",4
エレメントエンハンス(冷),"[冷属性を含む攻撃時]
与えるダメージが上昇する(効果バトル中永続)",5
エレメントエンハンス(雷),"[雷属性を含む攻撃時]
与えるダメージが上昇する(効果バトル中永続)",6
エレメントエンハンス(陽),"[陽属性を含む攻撃時]
与えるダメージが上昇する(効果バトル中永続)",7
エレメントエンハンス(陰),"[陰属性を含む攻撃時]
与えるダメージが上昇する(効果バトル中永続)",8
エンチャントマーカー,"[攻撃を受けた時]
以下の効果が発動する
・自身に「防御弱化」(効果中/効果1ターン)を付与する
・敵生存者全体の腕力・器用さ・素早さ・知力を上昇させる(効果小)
※攻撃が命中した時のみ発動",
エンハンスアーツ,"[技攻撃時]
与えるダメージが上昇する(効果バトル中永続)",
おいしいにくまん,"[ターン開始時]
以下の効果が発動する
・自身に「攻撃強化」(効果超極大+/効果2ターン)を付与する
・自身の腕力・器用さ・素早さ・知力を上昇させる(効果超極大)",
オーバーエンハンス,OD攻撃のダメージが上昇する(効果バトル中永続),
オーバークロック,"[ターン開始時]
以下の効果が発動する
・自身に「刻の共振」(効果1ターン)を付与する
・自身に「行動順補正上昇」(効果大/効果1ターン)を付与する",
ガードアップ(小),被ダメージが低下する(重複不可),2
ガードアップ(中),被ダメージが低下する(重複不可),3
ガードアップ(特大),被ダメージが低下する(重複不可),5
ガードアップ(極大),被ダメージが低下する(重複不可),6
ガードアップ(超極大),被ダメージが低下する(重複不可),7
ガードダウン(小),被ダメージが上昇する(重複不可),2
ガードダウン(大),被ダメージが上昇する(重複不可),3
カウンター,敵の直接攻撃に対して、カウンター攻撃を行う,
かばう(防御),"[味方が攻撃を受ける時]
味方への攻撃を身代わりで受け、被ダメージを軽減する",
ガンリンク,"[攻撃時]
銃を装備している場合、以下の効果が発動する
・味方生存者全体に「秘奥・攻(銃)」(効果極大/効果2ターン)を付与する
・味方生存者全体の腕力・体力・器用さ・素早さ・知力・精神・愛・魅力を上昇させる(効果小)",
キャッシュバック,"[連携攻撃時]
自身に「ターン終了時ODゲージ上昇(特大)」(効果1ターン)を付与する",
クラブリンク,"[攻撃時]
棍棒を装備している場合、以下の効果が発動する
・味方生存者全体に「秘奥・攻(棍棒)」(効果極大/効果2ターン)を付与する
・味方生存者全体の腕力・体力・器用さ・素早さ・知力・精神・愛・魅力を上昇させる(効果小)",
クリティカルエンハンス,自身の全ての攻撃がCriticalになる,
クレープチャージ,"[ターン終了時]
以下の効果が発動する
・自身のBPを回復する(+2)
・自身の「大乱闘」の使用回数制限を回復する(+1/バトル開始時点の回数より多くならない)",
サイズパシュート,"[タイプが「攻撃」である技・術(※)を命中させた時]
「ダークネスサイズ」と「ノワールカッター」が発動する
(それぞれ術Rank1で発動)
※「アビリティ効果により発動する技・術」「特殊状態の効果により発動する技・術」「技・術の効果により発動する技・術」「溜め技・術」「溜め状態を付与する技・術」「カウンター効果による反撃技・術」は含まない",
サルーインアンコール,"[ターン終了時]
自身のODゲージを満タンにする
自身を「溜め状態」(カウント1)にする
溜め技:「フィーニスカッター」
(術Rank1で発動)",
シェイドディフュージョン,"敵の直接攻撃に対して、「漆黒波動」でカウンター攻撃を行う
(技Rank1で発動)",
シェイドフォーカス,"敵の直接攻撃に対して、「フォールンアンブラ」でカウンター攻撃を行う
(技Rank1で発動)",
スクネの絆,"[攻撃時]
自身のBPを回復する(+3)",
ステルス,狙われやすさが低下する,
ターン終了時BP回復(+2),"[ターン終了時]
自身のBPを回復する(+2)",2
ターン終了時BP回復(+3),"[ターン終了時]
自身のBPを回復する(+3)",3
ターン終了時BP回復(+4),"[ターン終了時]
自身のBPを回復する(+4)",4
ターン終了時BP回復(+5),"[ターン終了時]
自身のBPを回復する(+5)",5
ターン終了時BP回復(+6),"[ターン終了時]
自身のBPを回復する(+6)",6
ターン終了時BP回復(+10),"[ターン終了時]
自身のBPを回復する(+10)",10
ターン終了時HP回復,"[ターン終了時]
自身のHPを回復する",
ターン終了時HP回復(気絶時)(特大),"[ターン終了時]
気絶している場合、以下の効果が発動する
・自身のHPを回復(効果特大)する
※毒ダメージで気絶したターンには発動しない",
ターン終了時ODゲージ上昇(小),"[ターン終了時]
自身のODゲージを上昇させる(効果小)",2
ターン終了時ODゲージ上昇(中),"[ターン終了時]
自身のODゲージを上昇させる(効果中)",3
ターン終了時ODゲージ上昇(特大),"[ターン終了時]
自身のODゲージを上昇させる(効果特大)",5
ターン終了時ODゲージ上昇(極大),"[ターン終了時]
自身のODゲージを上昇させる(効果極大)",6
ターン終了時ODゲージ上昇(満タン),自身のODゲージを満タンにする,9
ターン終了時消費BP増加(+5),"[ターン終了時]
自身に「消費BP増加」(増加量5/効果バトル中永続)を付与する",
ダメージブロック,"被ダメージを100%カットする
※攻撃が命中した時のみ発動",
ダメージ無効(術),"[術攻撃を受けた時]
被ダメージを100%カットする",
チェインアーツ(アトラクティヴダンス＋),"[タイプが「攻撃」である技・術(※)を命中させた時]
「アトラクティヴダンス＋」が発動する
(技Rank1で発動)
※「アビリティ効果により発動する技・術」「特殊状態の効果により発動する技・術」「技・術の効果により発動する技・術」「溜め技・術」「溜め状態を付与する技・術」「カウンター効果による反撃技・術」は含まない",
チェインアーツ(ウォーターメロンブレイク),"[タイプが「攻撃」である技・術(※)を命中させた時]
「ウォーターメロンブレイク」が発動する
(技Rank1で発動)
※「アビリティ効果により発動する技・術」「特殊状態の効果により発動する技・術」「技・術の効果により発動する技・術」「溜め技・術」「溜め状態を付与する技・術」「カウンター効果による反撃技・術」は含まない",
チェインアーツ(カチコミ),"[タイプが「攻撃」である技・術(※)を命中させた時]
「カチコミ」が発動する
(技Rank1で発動)
※「アビリティ効果により発動する技・術」「特殊状態の効果により発動する技・術」「技・術の効果により発動する技・術」「溜め技・術」「溜め状態を付与する技・術」「カウンター効果による反撃技・術」は含まない",
チェインアーツ(クグツ早撃ち),"[タイプが「攻撃」である技・術(※)を命中させた時]
「クグツ早撃ち」が発動する
(技Rank1で発動)
※「アビリティ効果により発動する技・術」「特殊状態の効果により発動する技・術」「技・術の効果により発動する技・術」「溜め技・術」「溜め状態を付与する技・術」「カウンター効果による反撃技・術」は含まない",
チェインアーツ(クグツ張手),"[タイプが「攻撃」である技・術(※)を命中させた時]
「クグツ張手」が発動する
(技Rank1で発動)
※「アビリティ効果により発動する技・術」「特殊状態の効果により発動する技・術」「技・術の効果により発動する技・術」「溜め技・術」「溜め状態を付与する技・術」「カウンター効果による反撃技・術」は含まない",
チェインアーツ(ゴールデンふみつけ),"[タイプが「攻撃」である技・術(※)を命中させた時]
「ゴールデンふみつけ」が発動する
(技Rank1で発動)
※「アビリティ効果により発動する技・術」「特殊状態の効果により発動する技・術」「技・術の効果により発動する技・術」「溜め技・術」「溜め状態を付与する技・術」「カウンター効果による反撃技・術」は含まない",
チェインアーツ(さみだれ光弓),"[タイプが「攻撃」である技・術(※)を命中させた時]
「さみだれ光弓」が発動する
(技Rank1で発動)
※「アビリティ効果により発動する技・術」「特殊状態の効果により発動する技・術」「技・術の効果により発動する技・術」「溜め技・術」「溜め状態を付与する技・術」「カウンター効果による反撃技・術」は含まない",
チェインアーツ(シャドウスピン),"[タイプが「攻撃」である技・術(※)を命中させた時]
「シャドウスピン」が発動する
(技Rank1で発動)
※「アビリティ効果により発動する技・術」「特殊状態の効果により発動する技・術」「技・術の効果により発動する技・術」「溜め技・術」「溜め状態を付与する技・術」「カウンター効果による反撃技・術」は含まない",
チェインアーツ(スリルボルト),"[タイプが「攻撃」である技・術(※)を命中させた時]
「スリルボルト」が発動する
(技Rank1で発動)
※「アビリティ効果により発動する技・術」「特殊状態の効果により発動する技・術」「技・術の効果により発動する技・術」「溜め技・術」「溜め状態を付与する技・術」「カウンター効果による反撃技・術」は含まない",
チェインアーツ(セブンススティング),"[タイプが「攻撃」である技・術(※)を命中させた時]
「セブンススティング」が発動する
(技Rank1で発動)
※「アビリティ効果により発動する技・術」「特殊状態の効果により発動する技・術」「技・術の効果により発動する技・術」「溜め技・術」「溜め状態を付与する技・術」「カウンター効果による反撃技・術」は含まない",
チェインアーツ(チャンピオンラッシュ),"[タイプが「攻撃」である技・術(※)を命中させた時]
「チャンピオンラッシュ」が発動する
(技Rank1で発動)
※「アビリティ効果により発動する技・術」「特殊状態の効果により発動する技・術」「技・術の効果により発動する技・術」「溜め技・術」「溜め状態を付与する技・術」「カウンター効果による反撃技・術」は含まない",
チェインアーツ(ペルフォラシオンキンセ),"[タイプが「攻撃」である技・術(※)を命中させた時]
「ペルフォラシオンキンセ」が発動する
(技Rank1で発動)
※「アビリティ効果により発動する技・術」「特殊状態の効果により発動する技・術」「技・術の効果により発動する技・術」「溜め技・術」「溜め状態を付与する技・術」「カウンター効果による反撃技・術」は含まない",
チェインアーツ(マサムネ連閃),"[タイプが「攻撃」である技・術(※)を命中させた時]
「マサムネ連閃」が発動する
(技Rank1で発動)
※「アビリティ効果により発動する技・術」「特殊状態の効果により発動する技・術」「技・術の効果により発動する技・術」「溜め技・術」「溜め状態を付与する技・術」「カウンター効果による反撃技・術」は含まない",
チェインアーツ(リオンスパーダ),"[タイプが「攻撃」である技・術(※)を命中させた時]
「リオンスパーダ」が発動する
(技Rank1で発動)
※「アビリティ効果により発動する技・術」「特殊状態の効果により発動する技・術」「技・術の効果により発動する技・術」「溜め技・術」「溜め状態を付与する技・術」「カウンター効果による反撃技・術」は含まない",
チェインアーツ(四光回転脚),"[タイプが「攻撃」である技・術(※)を命中させた時]
「四光回転脚」が発動する
(技Rank1で発動)
※「アビリティ効果により発動する技・術」「特殊状態の効果により発動する技・術」「技・術の効果により発動する技・術」「溜め技・術」「溜め状態を付与する技・術」「カウンター効果による反撃技・術」は含まない",
チェインアーツ(破壊鋼剣),"[タイプが「攻撃」である技・術(※)を命中させた時]
「破壊鋼剣」が発動する
(技Rank1で発動)
※「アビリティ効果により発動する技・術」「特殊状態の効果により発動する技・術」「技・術の効果により発動する技・術」「溜め技・術」「溜め状態を付与する技・術」「カウンター効果による反撃技・術」は含まない",
チェインソーサリー(バイオレットチェーン),"[タイプが「攻撃」である技・術(※)を命中させた時]
「バイオレットチェーン」が4回発動する
(術Rank1で発動)
※「アビリティ効果により発動する技・術」「特殊状態の効果により発動する技・術」「技・術の効果により発動する技・術」「溜め技・術」「溜め状態を付与する技・術」「カウンター効果による反撃技・術」は含まない",
チェインソーサリー(宵獄),"[タイプが「攻撃」である技・術(※)を命中させた時]
「宵獄」が2回発動する
(術Rank1で発動)
※「アビリティ効果により発動する技・術」「特殊状態の効果により発動する技・術」「技・術の効果により発動する技・術」「溜め技・術」「溜め状態を付与する技・術」「カウンター効果による反撃技・術」は含まない",
チェインソーサリー(乱れフレイムボール),"[タイプが「攻撃」である技・術(※)を命中させた時]
「乱れフレイムボール」が発動する
(術Rank1で発動)
※「アビリティ効果により発動する技・術」「特殊状態の効果により発動する技・術」「技・術の効果により発動する技・術」「溜め技・術」「溜め状態を付与する技・術」「カウンター効果による反撃技・術」は含まない",
チェインソーサリー(領域黒火),"[タイプが「攻撃」である技・術(※)を命中させた時]
「領域黒火」が発動する
(術Rank1で発動)
※「アビリティ効果により発動する技・術」「特殊状態の効果により発動する技・術」「技・術の効果により発動する技・術」「溜め技・術」「溜め状態を付与する技・術」「カウンター効果による反撃技・術」は含まない",
ディフェンスアップ,被ダメージが低下する(効果バトル中永続),
ディフェンスダウン,被ダメージが上昇する(効果バトル中永続),
ディフェンダーブライトⅢ,"[攻撃を受けた時]
味方生存者全体に「攻撃強化」(効果極大/効果2ターン)を付与する
味方生存者全体に「防御強化」(効果大/効果1ターン)を付与する
味方生存者全体の腕力・体力・器用さ・素早さ・知力・精神・愛・魅力を上昇させる(効果大)",
デスメイドチェイン,"[タイプが「攻撃」である技・術(※)を命中させた時]
「ダークネスラッシュ」と「ダークネススマッシュ」が発動する
(それぞれRank1で発動)
※「アビリティ効果により発動する技・術」「特殊状態の効果により発動する技・術」「技・術の効果により発動する技・術」「溜め技・術」「溜め状態を付与する技・術」「カウンター効果による反撃技・術」は含まない",
デスメイドバカンス,"[ターン開始時]
味方が全員生存している場合、以下の効果が発動する
・自身に「陰属性攻撃時BP回復(+2)(1回)」(効果1ターン)を付与する
・自身に「陰属性攻撃時HP回復(極小)(1回)」(効果1ターン)を付与する",
デッドリーパシュート,"[タイプが「攻撃」である技・術(※)を命中させた時]
「デッドリースパイラル」が発動する
(技Rank1で発動)
※「アビリティ効果により発動する技・術」「特殊状態の効果により発動する技・術」「技・術の効果により発動する技・術」「溜め技・術」「溜め状態を付与する技・術」「カウンター効果による反撃技・術」は含まない",
デュアルエンハンス(斬・突),"[斬または突属性を含む攻撃時]
与えるダメージが上昇する(効果バトル中永続)",13
デュアルエンハンス(斬・陰),"[斬または陰属性を含む攻撃時]
与えるダメージが上昇する(効果バトル中永続)",18
デュアルエンハンス(打・突),"[打または突属性を含む攻撃時]
与えるダメージが上昇する(効果バトル中永続)",23
デュアルエンハンス(打・熱),"[打または熱属性を含む攻撃時]
与えるダメージが上昇する(効果バトル中永続)",24
デュアルエンハンス(打・冷),"[打または冷属性を含む攻撃時]
与えるダメージが上昇する(効果バトル中永続)",25
デュアルエンハンス(突・冷),"[突または冷属性を含む攻撃時]
与えるダメージが上昇する(効果バトル中永続)",35
デュアルエンハンス(突・陽),"[突または陽属性を含む攻撃時]
与えるダメージが上昇する(効果バトル中永続)",37
デュアルエンハンス(熱・冷),"[熱または冷属性を含む攻撃時]
与えるダメージが上昇する(効果バトル中永続)",45
デュアルエンハンス(熱・陰),"[熱または陰属性を含む攻撃時]
与えるダメージが上昇する(効果バトル中永続)",48
デュアルエンハンス(冷・雷),"[冷または雷属性を含む攻撃時]
与えるダメージが上昇する(効果バトル中永続)",56
デュアルエンハンス(雷・陽),"[雷または陽属性を含む攻撃時]
与えるダメージが上昇する(効果バトル中永続)",67
デュアルエンハンス(雷・陰),"[雷または陰属性を含む攻撃時]
与えるダメージが上昇する(効果バトル中永続)",68
デュアルクレスト(斬・陰),"[斬または陰属性を含む攻撃を受けた時]
以下の効果が発動する
・自身に「防御弱化」(効果特大/効果2ターン)を付与する
・自身の腕力・体力・器用さ・素早さ・知力・精神を低下させる(効果小)
※攻撃が命中した時のみ発動",
デュアルマーカー(斬・突/防御弱化),"[斬または突属性を含む攻撃を受けた時(※)]
自身に「防御弱化」(効果小/効果2ターン)を付与する
※攻撃が命中した時のみ発動",
ドライヴアーツ(さみだれ光弓),"[OD攻撃(※)を発動後]
「さみだれ光弓」が発動する
(技Rank1で発動)
※「アビリティ効果により発動する技・術」「特殊状態の効果により発動する技・術」「技・術の効果により発動する技・術」「溜め技・術」「溜め状態を付与する技・術」「カウンター効果による反撃技・術」は含まない",
ドライヴレゾナンス,"[OD攻撃時]
以下の効果が発動する
・自身の腕力・器用さ・素早さ・知力を上昇させる(効果特大)
・自身に「攻撃強化」(効果超極大+/効果2ターン)を付与する
・自身に「OD攻撃強化」(効果超極大+/効果2ターン)を付与する
・自身に「防御強化」(効果特大/効果1ターン)を付与する
・自身に「ターン終了時ODゲージ上昇(中)」(効果1ターン)を付与する",
ドライブアーツ(オーシャンランス),"[OD攻撃(※)を発動後]
「オーシャンランス」が発動する
(技Rank1で発動)
※「アビリティ効果により発動する技・術」「特殊状態の効果により発動する技・術」「技・術の効果により発動する技・術」「溜め技・術」「溜め状態を付与する技・術」「カウンター効果による反撃技・術」は含まない",
ハリキリドライヴ,"[ターン開始時]
味方生存者全体に「OD攻撃強化」(効果特大/効果2ターン)を付与する",
パワーエッセンス(雷),"[雷属性を含む攻撃時]
自身の腕力・体力・器用さ・素早さ・知力・精神・愛・魅力を上昇させる(効果大)
自身に「攻撃強化」(効果極大/効果3ターン)を付与する
自身に「ターン終了時ODゲージ上昇(中)」(効果2ターン)を付与する
自身のすべての状態異常耐性を上昇させる(効果超極大)",
パワーエッセンス(冷),"[冷属性を含む攻撃時]
自身の腕力・体力・器用さ・素早さ・知力・精神・愛・魅力を上昇させる(効果大)
自身に「攻撃強化」(効果極大/効果3ターン)を付与する
自身に「ターン終了時ODゲージ上昇(中)」(効果2ターン)を付与する
自身のすべての状態異常耐性を上昇させる(効果超極大)",
パワーエンチャント(雷),"[雷属性を含む攻撃時]
自身の腕力・体力・器用さ・素早さ・知力・精神・愛・魅力を上昇させる(効果大)
自身に「攻撃強化」(効果超極大+/効果4ターン)を付与する
自身に「ターン終了時ODゲージ上昇(中)」(効果2ターン)を付与する
自身のすべての状態異常耐性を上昇させる(効果超極大)",
ヒートアップ,与えるダメージが上昇する(効果バトル中永続),
ヒートアップ(カウンター),カウンター攻撃の与えるダメージが上昇する(効果バトル中永続),
ヒートアップ(獄炎爪殺法),獄炎爪殺法の与えるダメージが上昇する(効果バトル中永続),
ヒートアップ(直接),直接攻撃の与えるダメージが上昇する(効果バトル中永続),
ヒートダウン,与えるダメージが低下する(効果バトル中永続),
ヒートダウン(間接),間接攻撃の与えるダメージが低下する(効果バトル中永続),
ピコッとおかわり,"[タイプが「攻撃」である技・術(※)を命中させた時]
「ピコッとハンマー」が発動する(確率特大)
(技Rank1で発動)
※「本アビリティ効果により発動する技・術」「カウンター効果による反撃技・術」は含まない",
フォーカスパワー,"[ターン開始時]
味方が全員生存している場合、以下の効果が発動する
・自身に「単体攻撃強化」(効果超極大/効果4ターン)を付与する
・自身に「防御強化」(効果中/効果4ターン)を付与する
・自身に「消費BP減少」(減少量2/効果2ターン)を付与する
・自身に「ターン終了時ODゲージ上昇(特大)」(効果1ターン)を付与する
・自身の腕力・体力・器用さ・素早さ・知力・精神を上昇させる(効果極大)",
ぷちにくまん,"[ターン開始時]
以下の効果が発動する
・自身に「攻撃強化」(効果極大/効果2ターン)を付与する
・自身に「防御強化」(効果小/効果1ターン)を付与する
・自身の腕力・器用さ・素早さ・知力を上昇させる(効果小)",
ブレイクボルテージⅥ(打・熱),"[攻撃時]
敵全体に「打属性防御弱化」(効果超極大/効果2ターン)を付与する
敵全体に「熱属性防御弱化」(効果超極大/効果2ターン)を付与する
味方生存者全体の腕力・器用さ・素早さ・知力を上昇させる(効果大)",
ブレイブマーカー,"[攻撃を受けた時]
以下の効果が発動する
・自身に「防御弱化」(効果小/効果2ターン)を付与する
・自身の腕力・体力・器用さ・知力・精神・愛・魅力を低下させる(効果小)
※攻撃が命中した時のみ発動",
フレイムエコー,"[攻撃(※)を発動後]
「炎三襲」が発動する
(術Rank1で発動)
※「アビリティ効果により発動する技・術」「特殊状態の効果により発動する技・術」「技・術の効果により発動する技・術」「溜め技・術」「溜め状態を付与する技・術」「カウンター効果による反撃技・術」は含まない",
フレイムトリック,"[ターン開始時]
以下の効果が発動する
・味方生存者全体に「攻撃強化」(効果超極大+/効果1ターン)を付与する
・味方生存者全体の腕力・器用さ・素早さ・知力を上昇させる(効果大)",
ボウの絆,"[攻撃時]
自身のBPを回復する(+3)",
めがみスナイプ,"[熱または陽属性を含む攻撃命中時]
自身に「攻撃強化」(効果極大/効果1ターン)を付与する
自身の腕力・器用さ・素早さ・知力を上昇させる(効果大)",
めがみブラスト,"[熱または陽属性を含む攻撃命中時]
対象に「防御弱化」(効果極大/効果2ターン)を付与する
味方生存者全体の腕力・器用さ・素早さ・知力を上昇させる(効果中)",
モラルアップ(超極大),与えるダメージが上昇する(重複不可),
モラルアップ(超極大+),与えるダメージが上昇する(重複不可),
モラルダウン(大),与えるダメージが低下する(重複不可),
モラルダウン(超極大+),与えるダメージが低下する(重複不可),
リアクティブディスペル,"[攻撃を受けた時]
敵全体の腕力・体力・器用さ・素早さ・知力・精神・愛・魅力の能力アップ状態を解除する",
ロビン知る！,"[ターン開始時]
自身が「地知る」状態でない場合、以下の効果が発動する
・味方生存者全体の腕力・体力・器用さ・素早さ・知力・精神・愛・魅力を上昇させる(効果大)
・味方生存者全体の「攻撃強化」(効果超極大/効果3ターン)を付与する
・味方生存者全体の「防御強化」(効果中/効果2ターン)を付与する",
愛の注射,"[ターン開始時]
以下の効果が発動する
・自身に「攻撃強化」(効果超極大+/効果1ターン)を付与する
・自身に「Weak攻撃強化」(効果超極大+/効果1ターン)を付与する
・自身に「斬・突属性攻撃強化」(効果超極大/効果1ターン)を付与する
・自身に「防御強化」(効果特大/効果2ターン)を付与する
・自身の腕力・体力・器用さ・素早さ・知力・精神・愛・魅力を上昇させる(効果超極大)",
絢爛たる風姿,"[タイプが「攻撃」である技・術(※)を命中させた時]
「ピアッシングエイト」が発動する
(技Rank1で発動)
※「アビリティ効果により発動する技・術」「特殊状態の効果により発動する技・術」「技・術の効果により発動する技・術」「溜め技・術」「溜め状態を付与する技・術」「カウンター効果による反撃技・術」は含まない",
闇の退行,"[陰属性を含む攻撃時]
以下の効果が発動する
・味方生存者全体に「防御弱化」(効果超極大+/効果3ターン)を付与する
・味方生存者全体の腕力・体力・器用さ・素早さ・知力・精神・愛・魅力を低下させる(効果中)",
陰属性攻撃強化,"[陰属性を含む攻撃時]
与えるダメージが上昇する",
陰属性攻撃時BP回復(+2),陰属性を含む攻撃時、自身のBPを回復(+2)する,
陰属性攻撃時HP回復(極小),陰属性を含む攻撃時、自身のHPを回復(効果極小)する,
陰属性防御強化,"[陰属性を含む攻撃を受けた時]
被ダメージが低下する",
陰属性防御弱化,"[陰属性を含む攻撃を受けた時]
被ダメージが上昇する",
鋭槍の刺痕,"[突属性を含む攻撃を受けた時]
敵生存者全体の腕力・器用さ・素早さ・知力を上昇(効果中)させる
※攻撃が命中した時のみ発動",
黄金の継承,"[タイプが「攻撃」である技・術(※)を命中させた時]
「光明の剣技」が発動する
(技Rank1で発動)

＜付与されたターンから数えて奇数ターン目の場合＞
「銀光一閃」が発動する
(技Rank1で発動)

＜付与されたターンから数えて偶数ターン目の場合＞
「幻日閃光」が発動する
(技Rank1で発動)

※「アビリティ効果により発動する技・術」「特殊状態の効果により発動する技・術」「技・術の効果により発動する技・術」「溜め技・術」「溜め状態を付与する技・術」「カウンター効果による反撃技・術」は含まない",
苛烈の調べ,"[突または陽属性を含む攻撃命中時]
以下の効果が発動する(上限回数:1回)
・自身に「攻撃強化」(効果超極大/効果2ターン)を付与する
・自身に「突・陽属性攻撃強化」(効果超極大/効果2ターン)を付与する
・自身の腕力・器用さ・素早さ・知力を上昇させる(効果極大)",
解呪,"[ターン終了時]
自身のすべての状態異常を解除する
自身の腕力・体力・器用さ・素早さ・知力・精神・愛・魅力の能力ダウン状態を解除する",
解癒,"[ターン終了時]
以下の効果が発動する
・自身のすべての状態異常を解除する
・自身の腕力・体力・器用さ・素早さ・知力・精神・愛・魅力の能力ダウン状態を解除する
・自身のHPを回復する(効果極小)",
回避,攻撃を回避する,
完全孤立,"[ターン開始時]
味方生存者が自身のみの場合、以下の効果が発動する
・敵生存者全体に「攻撃強化」(効果超極大/効果1ターン)を付与する
・敵生存者全体に「防御強化」(効果特大/効果1ターン)を付与する
・敵生存者全体の腕力・体力・器用さ・素早さ・知力・精神・愛・魅力を上昇させる(効果大)",
稀代の旋律,"[ターン開始時]
以下の効果が発動する
・味方生存者全体に「斬・熱属性攻撃強化」(効果超極大+/効果2ターン)を付与する
・味方生存者全体の腕力・体力・器用さ・素早さ・知力・精神・愛・魅力を上昇させる(効果中)",
技攻撃時BP回復(+2),"[技攻撃時]
自身のBPを回復(+2)する",
共鳴激化,"[攻撃命中時]
以下の効果が発動する
・味方生存者全体に「攻撃強化」(効果極大/効果2ターン)を付与する
・味方生存者全体の腕力・器用さ・素早さ・知力を上昇させる(効果中)",
恐夜の菓言,"[ターン開始時]
自身が「恐夜の針菓」状態でない場合、以下の効果が発動する
・自身に「恐夜の芯菓」(効果バトル中永続)を付与する
・敵生存者全体に「ヒートアップ」(効果超極大+)を付与する",
恐夜の芯菓,"[熱または陰属性を含む攻撃を受けた時(※)]
自身に「防御弱化」(効果大/効果2ターン)を付与する
自身の腕力・体力・器用さ・素早さ・知力・精神・愛・魅力を低下させる(効果小)
※攻撃が命中した時のみ発動",
恐夜の針菓,"[熱または陰属性を含む攻撃を受けた時(※)]
以下の効果が発動する
・自身に「防御弱化」(効果小/効果2ターン)を付与する
・自身の腕力・器用さ・素早さ・知力を低下させる(効果小)
※攻撃が命中した時のみ発動",
狂乱の烙印(打・陽/攻撃強化),"[打または陽属性を含む攻撃を受けた時]
敵生存者全体に「攻撃強化」(効果大/効果2ターン)を付与する
※攻撃が命中した時のみ発動
※タイプが「攻撃」である技・術の効果によってこの特殊状態が付与された場合、その攻撃も含む",
狂乱の烙印(冷/攻撃強化),"[冷属性を含む攻撃を受けた時]
敵生存者全体に「攻撃強化」(効果大/効果2ターン)を付与する
※攻撃が命中した時のみ発動
※タイプが「攻撃」である技・術の効果によってこの特殊状態が付与された場合、その攻撃も含む",
激辛たこ焼き,"[ターン開始時]
以下の効果が発動する
・自身に「エクストラフォース(Weak/大)」(効果1ターン)を付与する
・自身に「攻撃強化」(効果超極大+/効果6ターン)を付与する
・自身に「Weak攻撃強化」(効果超極大+/効果6ターン)を付与する
・自身に「モラルアップ(超極大+)」(効果1ターン)を付与する
・自身の腕力・器用さ・素早さ・知力を上昇させる(効果超極大+)
・ただし、自身が代償ダメージを受ける(自身の最大HPの30%)
※代償ダメージは被ダメージ軽減効果によって軽減できない",
激流の力,"[ターン開始時]
以下の効果が発動する
・自身に「攻撃強化」(効果超極大+/効果1ターン)を付与する
・自身に「Weak攻撃強化」(効果超極大+/効果1ターン)を付与する
・自身に「突・冷属性攻撃強化」(効果超極大+/効果1ターン)を付与する
・自身の腕力・器用さ・素早さ・知力を上昇させる(効果超極大)
・自身のBPを回復する(+5)",
剣技の構え,"[ターン開始時]
自身に「モラルアップ(超極大)」(効果2ターン)を付与する",
堅忍不抜,"[ターン開始時]
自身に「防御強化」(効果特大/効果3ターン)を付与する

＜剣・大剣・斧のいずれかを装備している場合＞
自身に「打属性防御強化」(効果特大/効果3ターン)を付与する

＜棍棒・体術・銃・杖のいずれかを装備している場合＞
自身に「突属性防御強化」(効果特大/効果3ターン)を付与する

＜小剣・槍・弓のいずれかを装備している場合＞
自身に「斬属性防御強化」(効果特大/効果3ターン)を付与する",
幻影,攻撃を回避する(確率中),
孤独の楔,"[ターン開始時]
味方生存者が自身のみの場合、以下の効果が発動する
・敵生存者全体に「単体攻撃強化」(効果超極大/効果3ターン)を付与する
・敵生存者全体に「防御強化」(効果極大/効果1ターン)を付与する
・敵生存者全体に「腕力・体力・器用さ・素早さ・知力・精神・愛・魅力を上昇させる(効果極大)",
後攻の構え,"[ターン開始時]
自身に「後攻態勢」(効果1ターン)を付与する",
後攻態勢,行動がディレイになる,
光の結集,"[ターン開始時]
自身に「攻撃強化」(効果超極大+/効果3ターン)を付与する
自身に「Weak攻撃強化」(効果超極大+/効果3ターン)を付与する
自身に「陽属性攻撃強化」(効果超極大+/効果3ターン)を付与する
自身の腕力・器用さ・素早さ・知力を上昇させる(効果超極大+)
ただし、自身以外の味方生存者全体に「攻撃弱化」(効果超極大+/効果6ターン)を付与する",
光の進行,"[陽属性を含む攻撃時]
以下の効果が発動する
・味方生存者全体に「攻撃強化」(効果超極大/効果2ターン)を付与する
・味方生存者全体の腕力・体力・器用さ・素早さ・知力・精神・愛・魅力を上昇させる(効果中)",
攻撃の楔Ⅰ,"[攻撃時]
自身の腕力・体力・器用さ・素早さ・知力・精神・愛・魅力を低下させる(効果小)",
攻撃強化,与えるダメージが上昇する,
攻撃強化(技),技攻撃の与ダメージが上昇する,
攻撃強化(術),術攻撃の与ダメージが上昇する,
攻撃弱化,与えるダメージが低下する,
攻断の守護Ⅴ(体力・精神),"[攻撃を受けた時]
被ダメージを軽減する(効果極大)

[ターン開始時]
自身に「ダメージブロック(1回)」(効果1ターン)を付与する
自身の体力・精神を上昇させる(効果大)",
攻防の結束Ⅱ(全),"[攻撃時]
味方が全員生存している場合、以下の効果が発動する
・自身に「防御強化」(効果中/効果2ターン)を付与する
・味方生存者全体の腕力・体力・器用さ・素早さ・知力・精神・愛・魅力を上昇させる(効果中)

[攻撃を受けた時]
自身に「攻撃強化」(効果特大/効果2ターン)を付与する
・味方生存者全体の腕力・体力・器用さ・素早さ・知力・精神・愛・魅力を上昇させる(効果中)",
行動順補正上昇,行動順補正値が上昇する,
行動順補正低下,行動順補正値が低下する,
高貴なる熱源,"[熱属性を含む攻撃時]
自身に「熱属性攻撃強化」(効果超極大+/効果1ターン)を付与する
自身の腕力・器用さ・素早さ・知力を上昇させる(効果超極大)",
刻の共振,"[攻撃命中時]
味方生存者全体に「攻撃強化」(効果極大/効果2ターン)を付与する
味方生存者全体の腕力・器用さ・素早さ・知力を上昇させる(効果小)",
刻の激化,"[攻撃命中時]
自身に「攻撃強化」(効果超極大+/効果1ターン)を付与する
自身の腕力・器用さ・素早さ・知力を上昇させる(効果大)",
刻の重なり,"[ターン開始時]
以下の効果が発動する
・自身に「チェインソーサリー(バイオレットチェーン)(1回)」(効果1ターン)を付与する
・自身に「刻の共振」(効果1ターン)を付与する",
刻の早まり,"[ターン開始時]
以下の効果が発動する
・自身に「チェインソーサリー(宵獄)(1回)」(効果1ターン)を付与する
・自身に「刻の激化」(効果1ターン)を付与する",
最大BP増加,最大BPが増加する,
斬・陰属性攻撃強化,"[斬または陰属性を含む攻撃時]
与えるダメージが上昇する",
斬・打・突属性攻撃強化,"[斬・打・突属性のいずれかを含む攻撃時]
与えるダメージが上昇する",
斬・突属性攻撃強化,"[斬または突属性を含む攻撃時]
与えるダメージが上昇する",
斬・熱属性攻撃強化,"[斬または熱属性を含む攻撃時]
与えるダメージが上昇する",
斬・陽属性攻撃強化,"[斬または陽属性を含む攻撃時]
与えるダメージが上昇する",
斬属性攻撃強化,"[斬属性を含む攻撃時]
与えるダメージが上昇する",
斬属性防御強化,"[斬属性を含む攻撃を受けた時]
被ダメージが低下する",
斬属性防御弱化,"[斬属性を含む攻撃を受けた時]
被ダメージが上昇する",
斬打激化Ⅵ(腕力・体力),"[ターン開始時]
以下の効果が発動する
・自身に「攻撃強化」(効果超極大/効果4ターン)を付与する
・自身に「斬属性攻撃強化」(効果特大/効果4ターン)を付与する
・自身に「打属性攻撃強化」(効果特大/効果4ターン)を付与する
・自身の腕力・体力を上昇させる(効果特大)",
斬突激化Ⅵ(器用さ・素早さ),"[ターン開始時]
以下の効果が発動する
・自身に「攻撃強化」(効果超極大/効果4ターン)を付与する
・自身に「斬属性攻撃強化」(効果特大/効果4ターン)を付与する
・自身に「突属性攻撃強化」(効果特大/効果4ターン)を付与する
・自身の器用さ・素早さを上昇させる(効果特大)",
残響(陽),"[陽属性を含む攻撃を受けた時]
敵生存者全体に「防御強化」(効果小/効果2ターン)を付与する
※攻撃が命中した時のみ発動",
旨味ギャンブル,"[スイカタワーダイナミック(※)を発動後]
一定の確率(確率小)で、「西瓜連破」が発動する
(技Rank1で発動)
※「アビリティ効果により発動する技・術」「特殊状態の効果により発動する技・術」「技・術の効果により発動する技・術」「溜め技・術」「溜め状態を付与する技・術」「カウンター効果による反撃技・術」は含まない",
旨味パシュート,"[タイプが「攻撃」である技・術(※)を命中させた時]
「剛斧二連」が発動する
(技Rank1で発動)
※「アビリティ効果により発動する技・術」「特殊状態の効果により発動する技・術」「技・術の効果により発動する技・術」「溜め技・術」「溜め状態を付与する技・術」「カウンター効果による反撃技・術」は含まない",
実験の代償,"[ターン開始時]
自身に「防御弱化」(効果超極大+/効果4ターン)を付与する
自身の知力・精神・愛・魅力を低下させる(効果超極大+)",
守護竜の力(自称),"[タイプが「攻撃」である技・術(※)を命中させた時]
「ガムシャラ突進」と「ボディダンク＋」が発動する
(それぞれ技Rank1で発動)
※「アビリティ効果により発動する技・術」「特殊状態の効果により発動する技・術」「技・術の効果により発動する技・術」「溜め技・術」「溜め状態を付与する技・術」「カウンター効果による反撃技・術」は含まない",
終曲,"[陰属性を含む攻撃時]
以下の効果が発動する
・味方生存者全体に「陰属性攻撃強化」(効果極大/効果2ターン)を付与する
・味方生存者全体の腕力・器用さ・素早さ・知力を上昇させる(効果中)",
術攻撃時BP回復(+2),"[術攻撃時]
自身のBPを回復(+2)する",
序曲,"[陰属性を含む攻撃時]
以下の効果が発動する
・味方生存者全体に「陰属性攻撃強化」(効果大/効果2ターン)を付与する
・味方生存者全体の腕力・器用さ・知力を上昇させる(効果小)",
傷刻(突/全能力),"[突属性を含む攻撃を受けた時]
敵生存者全体の腕力・体力・器用さ・素早さ・知力・精神・愛・魅力を上昇(小)させる
※攻撃が命中した時のみ発動",
傷痕(斬・陽),"[斬または陽属性を含む攻撃を受けた時]
敵生存者全体に「斬・陽属性攻撃強化」(効果大/効果2ターン)を付与する
※攻撃が命中した時のみ発動",
傷痕(陽),"[陽属性を含む攻撃を受けた時]
敵生存者全体に「陽属性攻撃強化」(効果大/効果2ターン)を付与する
※攻撃が命中した時のみ発動",
消費BP減少,消費BPが減少する,
消費BP増加,消費BPが増加する,
常夏のパワー,"[ターン開始時]
以下の効果が発動する
・自身に「打・熱属性攻撃強化」(効果超極大+/効果2ターン)を付与する
・自身の腕力・体力・器用さ・素早さ・知力・精神・愛・魅力を上昇させる(効果極大)
・自身のHPを回復する(効果極小)",
常夏の氷牢,"[ターン開始時]
以下の効果が発動する
・敵全体に「防御弱化」(効果超極大+/効果4ターン)を付与する
・味方生存者全体に「防御強化」(効果極大/効果1ターン)を付与する",
情熱の共鳴,"[ターン開始時]
味方が全員生存している場合、以下の効果が発動する
・自身に「攻撃強化」(効果超極大/効果1ターン)を付与する
・自身に「防御強化」(効果特大/効果1ターン)を付与する
・自身の腕力・体力・器用さ・素早さ・知力・精神・愛・魅力を上昇させる(効果極大)

[ターン終了時]
味方が全員生存している場合、以下の効果が発動する
・自身のBPを回復する(+2)
・自身のODゲージを上昇させる(効果極大)",
信仰,"[ターン開始時]
自身に「攻撃強化」(効果超極大+/効果2ターン)を付与する
自身に「防御強化」(効果小/効果2ターン)を付与する
自身の腕力・器用さ・素早さ・知力を上昇させる(効果極大)
自身の体力・精神を上昇させる(効果大)",
心眼(熱・冷),"[熱または冷属性を含む攻撃時]
自身に「クリティカルエンハンス」(効果バトル中永続)を付与する",
神託の息吹,"[ターン開始時]
以下の効果が発動する
・自身に「攻撃強化」(効果超極大/効果1ターン)を付与する
・自身に「突・陽属性攻撃強化」(効果超極大/効果1ターン)を付与する
・自身の腕力・器用さ・素早さ・知力を上昇させる(効果超極大)",
身代わりの彫刻・極,"[攻撃を受けた時]
以下の効果が発動する
・自身に「ダメージブロック(1回)」(効果1ターン)を付与する
・自身に「防御強化」(効果特大/効果2ターン)を付与する",
崇拝,"[ターン開始時]
自身に「攻撃強化」(効果超極大+/効果3ターン)を付与する
自身に「斬・陽属性攻撃強化」(効果超極大+/効果3ターン)を付与する
自身の腕力・器用さ・素早さ・知力を上昇させる(効果超極大)
自身の体力・精神を上昇させる(効果極大)
ただし、自身の愛・魅力を低下させる(効果超極大+)",
聖なる誓言,"[ターン開始時]
自身が「聖なる誓針」状態でない場合、自身に「聖なる誓芯」(効果バトル中永続)を付与する",
聖なる誓芯,"[雷または陽属性を含む攻撃を受けた時(※)]
自身に「防御弱化」(効果大/効果2ターン)を付与する
敵生存者全体の腕力・体力・器用さ・素早さ・知力・精神・愛・魅力を上昇させる(効果小)
※攻撃が命中した時のみ発動",
聖なる誓針,"[雷または陽属性を含む攻撃を受けた時(※)]
以下の効果が発動する
・自身に「防御弱化」(効果小/効果2ターン)を付与する
・敵生存者全体の腕力・器用さ・素早さ・知力を上昇させる(効果小)
※攻撃が命中した時のみ発動",
先攻の構え,"[ターン開始時]
自身に「先攻態勢」(効果1ターン)を付与する",
先攻態勢,行動がファストになる,
属性ダメージ無効(陰),陰属性を含むダメージを無効化する,
属性ダメージ無効(熱),熱属性を含むダメージを無効化する,
属性ダメージ無効(冷),冷属性を含むダメージを無効化する,
打・陰属性攻撃強化,"[打または陰属性を含む攻撃時]
与えるダメージが上昇する",
打・突属性攻撃強化,"[打または突属性を含む攻撃時]
与えるダメージが上昇する",
打・突属性防御弱化,"[打または突属性を含む攻撃を受けた時]
被ダメージが上昇する",
打・熱属性攻撃強化,"[打または熱属性を含む攻撃時]
与えるダメージが上昇する",
打・熱属性攻撃時BP回復(+3),"[打または熱属性を含む攻撃時]
自身のBPを回復(+3)する",
打・冷属性攻撃強化,"[打または冷属性を含む攻撃時]
与えるダメージが上昇する",
打属性攻撃強化,"[打属性を含む攻撃時]
与えるダメージが上昇する",
打属性防御強化,"[打属性を含む攻撃を受けた時]
被ダメージが低下する",
打属性防御弱化,"[打属性を含む攻撃を受けた時]
被ダメージが上昇する",
打突激化Ⅵ(知力・精神),"[ターン開始時]
以下の効果が発動する
・自身に「攻撃強化」(効果超極大/効果4ターン)を付与する
・自身に「打属性攻撃強化」(効果特大/効果4ターン)を付与する
・自身に「突属性攻撃強化」(効果特大/効果4ターン)を付与する
・自身の知力・精神を上昇させる(効果特大)",
体技の構え,"[ターン開始時]
自身に「モラルアップ(超極大)」(効果2ターン)を付与する",
大当たりたこ焼き,"[ターン開始時]
以下の効果が発動する
・自身に「エクストラフォース(Weak/大)」(効果1ターン)を付与する
・自身に「攻撃強化」(効果超極大/効果6ターン)を付与する
・自身に「Weak攻撃強化」(効果超極大/効果6ターン)を付与する
・自身に「モラルアップ(超極大+)」(効果1ターン)を付与する
・自身の腕力・器用さ・素早さ・知力を上昇させる(効果超極大)",
第一の実験,"[ターン開始時]
自身に「モラルアップ(超極大+)」(効果1ターン)を付与する",
第三の実験,"[ターン終了時]
自身に「エクストラフォース(OD/大)」(効果1ターン)を付与する",
第二の実験,"[ターン終了時]
味方が全員生存している場合、以下の効果が発動する
・自身のBPを回復する(+5)
・自身のODゲージを上昇させる(効果極大)",
単体攻撃強化,"[単体攻撃時]
与えるダメージが上昇する",
地知る,"[攻撃時]
自身が「天知る」状態でない場合、以下の効果が発動する
・自身の腕力・体力・器用さ・素早さ・知力・精神・愛・魅力を上昇させる(効果中)
・自身に「攻撃強化」(効果超極大/効果3ターン)を付与する
・自身に「防御強化」(効果中/効果1ターン)を付与する",
致命の烙印(冷/大),"[Weak攻撃を受けた時]
自身に「冷属性防御弱化」(効果大/効果2ターン)を付与する
※「致命の烙印(冷)」同士の効果は重複せず、最も大きい効果が優先される",
致命の烙印(冷/中),"[Weak攻撃を受けた時]
自身に「冷属性防御弱化」(効果中/効果2ターン)を付与する
※「致命の烙印(冷)」同士の効果は重複せず、最も大きい効果が優先される",
遅延激化,"[攻撃命中時]
自身が「後攻態勢」の場合、自身に「エクストラフォース(Weak/小)」(効果1ターン)を付与する",
挑発,狙われやすさが上昇する,
超撃波紋,"[OD攻撃時]
自身以外の味方生存者全体に「ドライヴレゾナンス(1回)」(効果1ターン)を付与する",
直接攻撃強化,直接攻撃の与えるダメージが上昇する,
追演(さみだれ飛光弓),"[タイプが「攻撃」である技・術(※)を命中させた時]
「さみだれ飛光弓」が2回発動する
(技Rank1で発動)
※「アビリティ効果により発動する技・術」「特殊状態の効果により発動する技・術」「技・術の効果により発動する技・術」「溜め技・術」「溜め状態を付与する技・術」「カウンター効果による反撃技・術」は含まない",
追撃(アイスチェイサー＋),"[単体攻撃(※)を発動後]
「アイスチェイサー＋」が発動する
(技Rank1で発動)
※「""追撃""により発動する技・術」「カウンター効果による反撃技・術」は含まない",
追撃(シックスフローズン),"[単体攻撃(※)を発動後]
「シックスフローズン」が発動する
(技Rank1で発動)
※「""追撃""により発動する技・術」「カウンター効果による反撃技・術」は含まない",
追撃(フローズンX),"[単体攻撃(※)を発動後]
「フローズンX」が発動する
(技Rank1で発動)
※「""追撃""により発動する技・術」「カウンター効果による反撃技・術」は含まない",
追撃(フローズンチェイサー),"[単体攻撃(※)を発動後]
「フローズンチェイサー」が発動する
(技Rank1で発動)
※「""追撃""により発動する技・術」「カウンター効果による反撃技・術」は含まない",
追撃(ライトニングX),"[単体攻撃(※)を発動後]
「ライトニングX」が発動する
(技Rank1で発動)
※「""追撃""により発動する技・術」「カウンター効果による反撃技・術」は含まない",
追撃(レティクルサンダー),"[単体攻撃(※)を発動後]
「レティクルサンダー」が発動する
(技Rank1で発動)
※「""追撃""により発動する技・術」「カウンター効果による反撃技・術」は含まない",
追撃(レティクルフローズン),"[単体攻撃(※)を発動後]
「レティクルフローズン」が発動する
(技Rank1で発動)
※「""追撃""により発動する技・術」「カウンター効果による反撃技・術」は含まない",
追撃(氷雪六剛斬),"[単体攻撃(※)を発動後]
「氷雪六剛斬」が発動する
(技Rank1で発動)
※「""追撃""により発動する技・術」「カウンター効果による反撃技・術」は含まない",
追撃(雷鳴六剛斬),"[単体攻撃(※)を発動後]
「雷鳴六剛斬」が発動する 
(技Rank1で発動)
※「""追撃""により発動する技・術」「カウンター効果による反撃技・術」は含まない",
諦めない心,"[攻撃を受けた時]
自身に「攻撃強化」(効果大/効果2ターン)を付与する
自身の腕力・体力・器用さ・素早さ・知力・精神・愛・魅力を上昇させる(効果中)
自身のすべての状態異常耐性を上昇させる(効果大)",
天知る,"[攻撃時]
以下の効果が発動する
・自身の腕力・体力・器用さ・素早さ・知力・精神・愛・魅力を上昇させる(効果小)
・自身に「攻撃強化」(効果極大/効果2ターン)を付与する
・自身に「防御強化」(効果小/効果1ターン)を付与する",
天龍の逆鱗,"[攻撃時]
以下の効果が発動する
・味方生存者全体に「攻撃強化」(効果極大/効果2ターン)を付与する
・味方生存者全体に「防御強化」(効果大/効果2ターン)を付与する
・味方生存者全体の腕力・体力・器用さ・素早さ・知力・精神・愛・魅力を上昇させる(効果大)",
電撃装填,"[攻撃時]
自身のBPを回復する(+2)",
闘争の調べ,"[ターン開始時]
以下の効果が発動する(上限回数:1回)
・自身に「攻撃強化」(効果特大/効果2ターン)を付与する
・自身に「突・陽属性攻撃強化」(効果特大/効果2ターン)を付与する
・自身の腕力・体力・器用さ・素早さ・知力・精神・愛・魅力を上昇させる(効果大)
・自身のHPを回復する(効果極小)",
突・熱属性攻撃強化,"[突または熱属性を含む攻撃時]
与えるダメージが上昇する",
突・陽属性攻撃強化,"[突または陽属性を含む攻撃時]
与えるダメージが上昇する",
突・冷属性攻撃強化,"[突または冷属性を含む攻撃時]
与えるダメージが上昇する",
突属性攻撃強化,"[突属性を含む攻撃時]
与えるダメージが上昇する",
突属性防御強化,"[突属性を含む攻撃を受けた時]
被ダメージが低下する",
突属性防御弱化,"[突属性を含む攻撃を受けた時]
被ダメージが上昇する",
肉弾戦,"[直接攻撃時]
以下の効果が発動する
・自身の腕力・体力・器用さ・素早さ・知力・精神・愛・魅力を上昇させる(効果超極大+)
・自身のBPを回復する(+3)",
熱・陰属性攻撃強化,"[熱または陰属性を含む攻撃時]
与えるダメージが上昇する",
熱・陰属性防御弱化,"[熱または陰属性を含む攻撃を受けた時]
被ダメージが上昇する",
熱・陽属性攻撃強化,"[熱または陽属性を含む攻撃時]
与えるダメージが上昇する",
熱・陽属性防御弱化,"[熱または陽属性を含む攻撃を受けた時]
被ダメージが上昇する",
熱・冷属性攻撃強化,"[熱または冷属性を含む攻撃時]
与えるダメージが上昇する",
熱属性攻撃強化,"[熱属性を含む攻撃時]
与えるダメージが上昇する",
熱属性被弾時BP回復(+1),"[熱属性を含む攻撃を受けた時]
自身のBPを回復する(+1)",
熱属性被弾時HP回復(極小),"[熱属性を含む攻撃を受けた時]
自身のHPを回復する(極小)",
熱属性防御強化,"[熱属性を含む攻撃を受けた時]
被ダメージが低下する",
熱属性防御弱化,"[熱属性を含む攻撃を受けた時]
被ダメージが上昇する",
熱冷のユニオン,"[ターン開始時]
味方が全員生存している場合、以下の効果が発動する
・自身に「攻撃強化」(効果超極大/効果2ターン)を付与する
・自身に「熱・冷属性攻撃強化」(効果超極大/効果2ターン)を付与する
・自身に「防御強化」(効果中/効果4ターン)を付与する
・自身の腕力・器用さ・素早さ・知力を上昇させる(効果特大)

[ターン終了時]
味方が全員生存している場合、以下の効果が発動する
・自身のBPを回復する(+5)
・自身のODゲージを上昇させる(効果極大)",
熱冷の共鳴,"[熱または冷属性を含む攻撃時]
以下の効果が発動する
・対象の体力・精神を低下させる(効果超極大)
・味方生存者全体に「熱・冷属性攻撃強化」(効果超極大+/効果2ターン)を付与する
・味方生存者全体のBPを回復する(+1)",
熱冷の波紋,"[熱または冷属性を含む攻撃時]
以下の効果が発動する
・自身に「ターン終了時ODゲージ上昇(極大)」(効果バトル中永続)を付与する
・自身に「能力促進Ⅱ(全)」(効果バトル中永続)を付与する",
燃え上がる忍術,"[ターン開始時]
以下の効果が発動する
・自身に「エクストラフォース(打/中)」(効果1ターン)を付与する
・自身に「攻撃強化」(効果超極大+/効果2ターン)を付与する
・自身に「打・熱属性攻撃強化」(効果超極大+/効果2ターン)を付与する
・自身に「ダメージブロック(1回)」(効果1ターン)を付与する
・自身の腕力・素早さを上昇させる(効果超極大+)",
燃え盛る焦熱,"[ターン開始時]
以下の効果が発動する
・自身に「エクストラフォース(熱/大)」(効果1ターン)を付与する
・自身に「高貴なる熱源」(効果1ターン)を付与する",
能力弱体Ⅳ(打・突/全能力),"[打または突属性を含む攻撃命中時]
対象の腕力・体力・器用さ・素早さ・知力・精神・愛・魅力を低下させる(効果中)",
能力弱体Ⅳ(熱・陽/全能力),"[熱または陽属性を含む攻撃命中時]
対象の腕力・体力・器用さ・素早さ・知力・精神・愛・魅力を低下させる(効果中)",
能力促進Ⅰ(全),"[ターン開始時]
味方生存者全体の腕力・体力・器用さ・素早さ・知力・精神・愛・魅力を上昇させる(効果小)",
能力促進Ⅱ(全),味方生存者全体の腕力・体力・器用さ・素早さ・知力・精神・愛・魅力を上昇させる(効果中),
能力促進Ⅶ(全),"[ターン開始時]
味方生存者全体の腕力・体力・器用さ・素早さ・知力・精神・愛・魅力を上昇させる(効果超極大+)",
能力波及Ⅰ・攻(陽),"[陽属性を含む攻撃命中時]
味方生存者全体の腕力・器用さ・素早さ・知力を上昇させる(効果小)",
破壊のコツⅠ(全),"[攻撃命中時]
以下の効果が発動する
・自身のHPを回復する(効果極小)
・自身のBPを回復する(+1)
・対象に「防御弱化」(効果小/効果2ターン)を付与する
・対象の腕力・体力・器用さ・素早さ・知力・精神・愛・魅力を低下させる(効果中)",
破壊のコツⅠ(腕力・知力),"[攻撃命中時]
自身のHPを回復する(効果極小)
自身のBPを回復する(+1)
対象に「防御弱化」(効果小/効果2ターン)を付与する
対象の腕力・知力を低下させる(効果中)",
破壊の氷風,"[ターン開始時]
味方生存者全体に「破壊のコツⅠ(全)(3回)」(効果1ターン)を付与する",
破壊竜の力(自称),"[打または突属性を含む攻撃時]
以下の効果が発動する
・自身に「エクストラフォース(技/中)」(効果バトル中永続)を付与する
・自身に「エクストラフォース(術/中)」(効果バトル中永続)を付与する",
白銀の盾,"[攻撃を受けた時]
被ダメージを100%カットする
※攻撃が命中した時のみ発動",
八重の構え,"[ターン終了時]
自身のODゲージを満タンにする
自身を「溜め状態」(カウント1)にする

溜め技:「八重双迅」
(技Rank1で発動)",
秘奥・攻(弓),"[棍棒装備時]
与えるダメージが上昇する",
秘奥・攻(銃),"[銃装備時]
与えるダメージが上昇する",
秘奥・攻(斧),"[斧装備時]
与えるダメージが上昇する",
秘奥・攻(棍棒),"[棍棒装備時]
与えるダメージが上昇する",
美の栄光・極,"[Resist攻撃を受けた時]
以下の効果が発動する
・自身に「攻撃強化」(効果特大/効果2ターン)を付与する
・自身の腕力・器用さ・知力を上昇させる(効果小)",
美神の威光,"[攻撃時]
対象に「攻撃強化」(効果超極大+/効果1ターン)を4個付与する",
氷の呪言,"[ターン開始時]
自身が「氷の針呪」状態でない場合、自身に「氷の芯呪」(効果バトル中永続)を付与する",
氷の芯呪,"[打または冷属性を含む攻撃を受けた時(※)]
自身に「防御弱化」(効果大/効果2ターン)を付与する
自身の腕力・体力・器用さ・素早さ・知力・精神・愛・魅力を低下させる(効果小)
※攻撃が命中した時のみ発動",
氷の針呪,"[打または冷属性を含む攻撃を受けた時(※)]
以下の効果が発動する
・自身に「防御弱化」(効果小/効果2ターン)を付与する
・自身の腕力・器用さ・知力を低下させる(効果小)
※攻撃が命中した時のみ発動",
氷結の刻印,"[冷属性を含む攻撃を受けた時]
以下の効果が発動する
※攻撃が命中した時のみ発動
・自身に「防御弱化」(効果大/効果2ターン)を付与する
・自身の腕力・体力・器用さ・知力・精神を低下させる(効果小)",
氷結装填,"[攻撃時]
自身のBPを回復する(+2)",
浜辺の財宝,"[攻撃命中時]
以下の効果が発動する
・味方生存者全体に「打・熱属性攻撃強化」(効果超極大+/効果1ターン)を付与する
・味方生存者全体の腕力・器用さ・素早さ・知力を上昇させる(効果極大)",
浜辺の財宝リサーチ,"[ターン開始時]
以下の効果が発動する
・自身に「浜辺の財宝(1回)」(効果1ターン)を付与する
・味方生存者全体に「エクストラフォース(Weak/小)」(効果1ターン)を付与する",
不屈の意思,"攻撃の与ダメージが上昇する(効果特大)

[HPが満タンの時]
与ダメージが上昇する(効果超極大)

[HPが満タンではない時]
被ダメージを軽減する(効果大)",
奮起の絆,"[自身以外の味方生存者が攻撃を受けた時(※)]
自身に「攻撃強化」を付与する(効果小/効果2ターン)
自身に「防御強化」を付与する(効果中/効果1ターン)
※発動回数は攻撃を受けた人数によらない",
防御カウンター,"敵の直接攻撃に対して、カウンター攻撃を行う
さらに被ダメージが低下する",
防御強化,被ダメージが低下する,
防御弱化,被ダメージが上昇する,
奔流・技,"[技攻撃時]
以下の効果が発動する
・味方生存者全体に「ヒートアップ」(効果超極大+)を付与する
・味方生存者全体に「ヒートアップ」(効果超極大)を付与する
・味方生存者全体に「ディフェンスアップ」(効果中)を付与する",
奔流・術,"[術攻撃時]
以下の効果が発動する
・味方生存者全体に「ヒートアップ」(効果超極大+)を付与する
・味方生存者全体に「ヒートアップ」(効果超極大)を付与する
・味方生存者全体に「ディフェンスアップ」(効果中)を付与する",
魔術師の心得,"[ターン開始時]
杖を装備している場合、以下の効果が発動する
・自身に「攻撃強化」(効果超極大+/効果4ターン)を付与する
・自身に「攻撃強化(術)」(効果超極大+/効果4ターン)を付与する
・自身の知力を上昇させる(効果超極大)
・自身のBPを回復する(+5)
・自身に「ターン終了時ODゲージ上昇(極大)」(効果1ターン)を付与する",
魔武駄致,"[直接攻撃時]
自身に「エクストラフォース(技/小)」(効果バトル中永続)を付与する
[ターン終了時]
味方が全員生存している場合、自身のBPを回復する(+5)",
躍進・陰,"[陰属性を含む攻撃時]
以下の効果が発動する
・味方生存者全体に「エレメントエンハンス(陰)」(効果超極大+)を付与する
・味方生存者全体に「ディフェンスアップ」(効果中)を付与する
・自身に「能力促進Ⅰ(全)」(効果バトル中永続)を付与する",
躍進・斬,"[斬属性を含む攻撃時]
以下の効果が発動する
・味方生存者全体に「エレメントエンハンス(斬)」(効果超極大+)を付与する
・味方生存者全体に「ディフェンスアップ」(効果中)を付与する
・自身に「能力促進Ⅰ(全)」(効果バトル中永続)を付与する",
陽炎の鼓動,"[熱または陽属性を含む攻撃命中時]
自身に「攻撃強化」(効果極大/効果2ターン)を付与する
自身の腕力・器用さ・素早さ・知力を上昇させる(効果極大)",
陽属性攻撃強化,"[陽属性を含む攻撃時]
与えるダメージが上昇する",
雷・陰属性攻撃強化,"[雷またが陰属性を含む攻撃時]
与えるダメージが上昇する",
雷属性攻撃強化,"[雷属性を含む攻撃時]
与えるダメージが上昇する",
流麗なる貴言,"[ターン開始時]
自身が「流麗なる貴針」状態でない場合、敵生存者全体に「ダメージブロック(1回)」(効果1ターン)を付与する",
流麗なる貴針,"[突属性を含む攻撃を受けた時(※)]
以下の効果が発動する
・自身に「防御弱化」(効果小/効果2ターン)を付与する
・自身の腕力・器用さ・素早さ・知力を低下させる(効果小)
※攻撃が命中した時のみ発動",
溜め状態,"カウントがスタートする
カウントはターン終了時に1減少し、0になった次の行動が、一回限り溜め技・術となる",
龍の波動,"[斬または陰属性を含む攻撃命中時]
以下の効果が発動する
・味方生存者全体に「攻撃強化」(効果超極大/効果2ターン)を付与する
・味方生存者全体の腕力・器用さ・素早さ・知力を上昇させる(効果中)",
令嬢の威圧,"[ターン開始時]
以下の効果が発動する
・敵生存者全体に「ヒートアップ」(効果超極大)を付与する
・敵生存者全体に「エリアエンハンス(全体・範囲)」(効果超極大)を付与する
・敵生存者全体に「ディフェンスアップ」(効果特大)を付与する",
冷・雷属性攻撃強化,"[冷または雷属性を含む攻撃時]
与えるダメージが上昇する",
冷・雷属性防御弱化,"[冷または雷属性を含む攻撃を受けた時]
被ダメージが上昇する",
冷属性攻撃強化,"[冷属性を含む攻撃時]
与えるダメージが上昇する",
冷属性被弾時BP回復(+1),"[冷属性を含む攻撃を受けた時]
自身のBPを回復する(+1)",
冷属性被弾時HP回復(極小),"[冷属性を含む攻撃を受けた時]
自身のHPを回復する(極小)",
冷属性防御弱化,"[冷属性を含む攻撃を受けた時]
被ダメージが上昇する",
連携エンハンス,"[連携攻撃時]
与えるダメージが上昇する(効果バトル中永続)",
連携の一撃Ⅲ,"[連携攻撃時]
自身に「攻撃強化」(効果大/効果2ターン)を付与する
自身のBPを回復する(+1)",
連携攻撃強化,"[連携攻撃時]
与えるダメージが上昇する",
連鎖吹雪,"[全体攻撃(※)を発動後]
「ダイヤモンドブリザード」が発動する
(技Rank1で発動)
※「アビリティ効果により発動する技・術」「特殊状態の効果により発動する技・術」「技・術の効果により発動する技・術」「溜め技・術」「溜め状態を付与する技・術」「カウンター効果による反撃技・術」は含まない",
連鎖超撃(竜破乱舞),"[OD攻撃(※)を発動後]
「竜破乱舞」が発動する
(技Rank1で発動)
※「アビリティ効果により発動する技・術」「特殊状態の効果により発動する技・術」「技・術の効果により発動する技・術」「溜め技・術」「溜め状態を付与する技・術」「カウンター効果による反撃技・術」は含まない",
凛然たる風格,"[タイプが「攻撃」である技・術(※)を命中させた時]
「烈光八重奏」が発動する
(技Rank1で発動)
※「アビリティ効果により発動する技・術」「特殊状態の効果により発動する技・術」「技・術の効果により発動する技・術」「溜め技・術」「溜め状態を付与する技・術」「カウンター効果による反撃技・術」は含まない",
烙印の裁き(冷),"[ターン開始時]
以下の効果が発動する
・敵全体に「狂乱の烙印(冷/攻撃強化)(3回)」(効果1ターン)を付与する
・味方生存者全体の腕力・体力・器用さ・素早さ・知力・精神・愛・魅力を上昇させる(効果大)",
